#Instruction       ,Mps               ,Mie               ,Mnev              ,DfuDataDependency ,BranchResult      ,IrqX              ,CacheMiss         ,Rst               ,Clk               ,ImmSext           ,Format            ,AluOperation      ,AluSource         ,CsrOperation      ,MdrOperation      ,WbDataSrc         ,GprWrEna          ,PcMode            ,ClkConfig         ,ExcPcWrEna        ,ExcCsrWrEna       ,ExcCsrData        ,ExcCsrAddress     ,CycleMepc         ,ExcMemRd          ,ExcAluOp          ,BranchType        ,BpuMode           ,GprRsX1           ,GprRsX2           ,GprRdX            ,DfuMode           ,Inst              ,PipelineMode      ,AckX              ,
00000000000000000000000000000000,00000000000000000000000000000000,00000000000000000000000000000000,00000000000000000000000000000000,0,0,0000,0,1,0,0,00,11111,00,111,0000,111,0,01,1,0,00,00000000000000000000000000000000,00000000000000000000000000000000,00,0,0000,0000,1,00000,00000,00000,1,01,0000,ImmSext OK   ,Format OK   ,AluOperation ERROR,AluSource ERROR,CsrOperation ERROR,MdrOperation OK   ,WbDataSrc ERROR,GprWrEna ERROR,PcMode OK   ,ClkConfig OK   ,ExcPcWrEna ERROR,ExcCsrWrEna ERROR,ExcCsrData OK   ,ExcCsrAddress OK   ,CycleMepc ERROR,ExcMemRd ERROR,ExcAluOp OK   ,BranchType OK   ,BpuMode OK   ,GprRsX1 ERROR,GprRsX2 ERROR,GprRdX ERROR,DfuMode OK   ,PipelineMode OK   ,AckX OK   ,
00000000000000010110000010110111,00000000000000000000000000000001,00000000000000000000100000000000,00000000000000000000000000000001,0,0,0000,0,0,0,0,01,11111,00,111,0000,010,1,01,1,0,00,00000000000000000000000000000000,00000000000000000000000000000000,00,0,0000,0000,1,00000,00000,00001,1,01,0000,ImmSext OK   ,Format ERROR,AluOperation ERROR,AluSource ERROR,CsrOperation ERROR,MdrOperation OK   ,WbDataSrc ERROR,GprWrEna OK   ,PcMode OK   ,ClkConfig OK   ,ExcPcWrEna ERROR,ExcCsrWrEna ERROR,ExcCsrData OK   ,ExcCsrAddress OK   ,CycleMepc ERROR,ExcMemRd ERROR,ExcAluOp OK   ,BranchType OK   ,BpuMode OK   ,GprRsX1 ERROR,GprRsX2 ERROR,GprRdX OK   ,DfuMode OK   ,PipelineMode OK   ,AckX OK   ,
11111111111111111111000100010111,00000000000000000000000000000001,00000000000000000000100000000000,00000000000000000000000000000001,0,0,0000,0,0,0,0,01,00100,01,111,0000,011,1,01,1,0,00,00000000000000000000000000000000,00000000000000000000000000000000,00,0,0000,0000,1,00000,00000,00010,1,01,0000,ImmSext OK   ,Format ERROR,AluOperation ERROR,AluSource OK   ,CsrOperation ERROR,MdrOperation OK   ,WbDataSrc ERROR,GprWrEna OK   ,PcMode OK   ,ClkConfig OK   ,ExcPcWrEna ERROR,ExcCsrWrEna ERROR,ExcCsrData OK   ,ExcCsrAddress OK   ,CycleMepc ERROR,ExcMemRd ERROR,ExcAluOp OK   ,BranchType OK   ,BpuMode OK   ,GprRsX1 ERROR,GprRsX2 ERROR,GprRdX ERROR,DfuMode OK   ,PipelineMode OK   ,AckX OK   ,
11001011001100000000000110010011,00000000000000000000000000000001,00000000000000000000100000000000,00000000000000000000000000000001,0,0,0000,0,0,0,1,10,00100,10,111,0000,011,1,01,1,0,00,00000000000000000000000000000000,00000000000000000000000000000000,00,0,0000,0000,1,00000,00000,00011,1,01,0000,ImmSext ERROR,Format ERROR,AluOperation ERROR,AluSource ERROR,CsrOperation ERROR,MdrOperation OK   ,WbDataSrc ERROR,GprWrEna OK   ,PcMode OK   ,ClkConfig OK   ,ExcPcWrEna ERROR,ExcCsrWrEna ERROR,ExcCsrData OK   ,ExcCsrAddress OK   ,CycleMepc ERROR,ExcMemRd ERROR,ExcAluOp OK   ,BranchType OK   ,BpuMode OK   ,GprRsX1 ERROR,GprRsX2 ERROR,GprRdX ERROR,DfuMode OK   ,PipelineMode OK   ,AckX OK   ,
11100100101100000010001000010011,00000000000000000000000000000001,00000000000000000000100000000000,00000000000000000000000000000001,0,0,0000,0,0,0,1,10,00111,10,111,0000,101,1,01,1,0,00,00000000000000000000000000000000,00000000000000000000000000000000,00,0,0000,0000,1,00000,00000,00100,1,01,0000,ImmSext ERROR,Format ERROR,AluOperation ERROR,AluSource ERROR,CsrOperation ERROR,MdrOperation OK   ,WbDataSrc ERROR,GprWrEna OK   ,PcMode OK   ,ClkConfig OK   ,ExcPcWrEna ERROR,ExcCsrWrEna ERROR,ExcCsrData OK   ,ExcCsrAddress OK   ,CycleMepc ERROR,ExcMemRd ERROR,ExcAluOp OK   ,BranchType OK   ,BpuMode OK   ,GprRsX1 ERROR,GprRsX2 ERROR,GprRdX ERROR,DfuMode OK   ,PipelineMode OK   ,AckX OK   ,
01011111110000000011001010010011,00000000000000000000000000000001,00000000000000000000100000000000,00000000000000000000000000000001,0,0,0000,0,0,0,0,10,00110,10,111,0000,101,1,01,1,0,00,00000000000000000000000000000000,00000000000000000000000000000000,00,0,0000,0000,1,00000,00000,00101,1,01,0000,ImmSext OK   ,Format ERROR,AluOperation ERROR,AluSource ERROR,CsrOperation ERROR,MdrOperation OK   ,WbDataSrc ERROR,GprWrEna OK   ,PcMode OK   ,ClkConfig OK   ,ExcPcWrEna ERROR,ExcCsrWrEna ERROR,ExcCsrData OK   ,ExcCsrAddress OK   ,CycleMepc ERROR,ExcMemRd ERROR,ExcAluOp OK   ,BranchType OK   ,BpuMode OK   ,GprRsX1 ERROR,GprRsX2 ERROR,GprRdX ERROR,DfuMode OK   ,PipelineMode OK   ,AckX OK   ,
00110101001100000100001100010011,00000000000000000000000000000001,00000000000000000000100000000000,00000000000000000000000000000001,0,0,0000,0,0,0,1,10,00010,10,111,0000,011,1,01,1,0,00,00000000000000000000000000000000,00000000000000000000000000000000,00,0,0000,0000,1,00000,00000,00110,1,01,0000,ImmSext ERROR,Format ERROR,AluOperation ERROR,AluSource ERROR,CsrOperation ERROR,MdrOperation OK   ,WbDataSrc ERROR,GprWrEna OK   ,PcMode OK   ,ClkConfig OK   ,ExcPcWrEna ERROR,ExcCsrWrEna ERROR,ExcCsrData OK   ,ExcCsrAddress OK   ,CycleMepc ERROR,ExcMemRd ERROR,ExcAluOp OK   ,BranchType OK   ,BpuMode OK   ,GprRsX1 ERROR,GprRsX2 ERROR,GprRdX ERROR,DfuMode OK   ,PipelineMode OK   ,AckX OK   ,
10001010001000000110001110010011,00000000000000000000000000000001,00000000000000000000100000000000,00000000000000000000000000000001,0,0,0000,0,0,0,1,10,00001,10,111,0000,011,1,01,1,0,00,00000000000000000000000000000000,00000000000000000000000000000000,00,0,0000,0000,1,00000,00000,00111,1,01,0000,ImmSext ERROR,Format ERROR,AluOperation OK   ,AluSource ERROR,CsrOperation ERROR,MdrOperation OK   ,WbDataSrc ERROR,GprWrEna OK   ,PcMode OK   ,ClkConfig OK   ,ExcPcWrEna ERROR,ExcCsrWrEna ERROR,ExcCsrData OK   ,ExcCsrAddress OK   ,CycleMepc ERROR,ExcMemRd ERROR,ExcAluOp OK   ,BranchType OK   ,BpuMode OK   ,GprRsX1 ERROR,GprRsX2 ERROR,GprRdX ERROR,DfuMode OK   ,PipelineMode OK   ,AckX OK   ,
01010111101100000111010000010011,00000000000000000000000000000001,00000000000000000000100000000000,00000000000000000000000000000001,0,0,0000,0,0,0,1,10,00000,10,111,0000,011,1,01,1,0,00,00000000000000000000000000000000,00000000000000000000000000000000,00,0,0000,0000,1,00000,00000,01000,1,01,0000,ImmSext ERROR,Format ERROR,AluOperation ERROR,AluSource ERROR,CsrOperation ERROR,MdrOperation OK   ,WbDataSrc ERROR,GprWrEna OK   ,PcMode OK   ,ClkConfig OK   ,ExcPcWrEna ERROR,ExcCsrWrEna ERROR,ExcCsrData OK   ,ExcCsrAddress OK   ,CycleMepc ERROR,ExcMemRd ERROR,ExcAluOp OK   ,BranchType OK   ,BpuMode OK   ,GprRsX1 ERROR,GprRsX2 ERROR,GprRdX ERROR,DfuMode OK   ,PipelineMode OK   ,AckX OK   ,
00000001111100001001010010010011,00000000000000000000000000000001,00000000000000000000100000000000,00000000000000000000000000000001,0,0,0000,0,0,0,0,00,10010,11,111,0000,011,1,01,1,0,00,00000000000000000000000000000000,00000000000000000000000000000000,00,0,0000,0000,1,00001,00000,01001,1,01,0000,ImmSext OK   ,Format OK   ,AluOperation ERROR,AluSource ERROR,CsrOperation ERROR,MdrOperation OK   ,WbDataSrc ERROR,GprWrEna OK   ,PcMode OK   ,ClkConfig OK   ,ExcPcWrEna ERROR,ExcCsrWrEna ERROR,ExcCsrData OK   ,ExcCsrAddress OK   ,CycleMepc ERROR,ExcMemRd ERROR,ExcAluOp OK   ,BranchType OK   ,BpuMode OK   ,GprRsX1 OK   ,GprRsX2 ERROR,GprRdX ERROR,DfuMode OK   ,PipelineMode OK   ,AckX OK   ,
00000000111100001101010100010011,00000000000000000000000000000001,00000000000000000000100000000000,00000000000000000000000000000001,0,0,0000,0,0,0,0,00,10000,11,111,0000,011,1,01,1,0,00,00000000000000000000000000000000,00000000000000000000000000000000,00,0,0000,0000,1,00001,00000,01010,1,01,0000,ImmSext OK   ,Format OK   ,AluOperation ERROR,AluSource ERROR,CsrOperation ERROR,MdrOperation OK   ,WbDataSrc ERROR,GprWrEna OK   ,PcMode OK   ,ClkConfig OK   ,ExcPcWrEna ERROR,ExcCsrWrEna ERROR,ExcCsrData OK   ,ExcCsrAddress OK   ,CycleMepc ERROR,ExcMemRd ERROR,ExcAluOp OK   ,BranchType OK   ,BpuMode OK   ,GprRsX1 OK   ,GprRsX2 ERROR,GprRdX ERROR,DfuMode OK   ,PipelineMode OK   ,AckX OK   ,
01000000010100001101010110010011,00000000000000000000000000000001,00000000000000000000100000000000,00000000000000000000000000000001,0,0,0000,0,0,0,0,00,10001,11,111,0000,011,1,01,1,0,00,00000000000000000000000000000000,00000000000000000000000000000000,00,0,0000,0000,1,00001,00000,01011,1,01,0000,ImmSext OK   ,Format OK   ,AluOperation ERROR,AluSource ERROR,CsrOperation ERROR,MdrOperation OK   ,WbDataSrc ERROR,GprWrEna OK   ,PcMode OK   ,ClkConfig OK   ,ExcPcWrEna ERROR,ExcCsrWrEna ERROR,ExcCsrData OK   ,ExcCsrAddress OK   ,CycleMepc ERROR,ExcMemRd ERROR,ExcAluOp OK   ,BranchType OK   ,BpuMode OK   ,GprRsX1 OK   ,GprRsX2 ERROR,GprRdX ERROR,DfuMode OK   ,PipelineMode OK   ,AckX OK   ,
00000000000100010000011000110011,00000000000000000000000000000001,00000000000000000000100000000000,00000000000000000000000000000001,0,0,0000,0,0,0,0,00,00100,11,111,0000,011,1,01,1,0,00,00000000000000000000000000000000,00000000000000000000000000000000,00,0,0000,0000,1,00010,00001,01100,1,01,0000,ImmSext OK   ,Format OK   ,AluOperation ERROR,AluSource ERROR,CsrOperation ERROR,MdrOperation OK   ,WbDataSrc ERROR,GprWrEna OK   ,PcMode OK   ,ClkConfig OK   ,ExcPcWrEna ERROR,ExcCsrWrEna ERROR,ExcCsrData OK   ,ExcCsrAddress OK   ,CycleMepc ERROR,ExcMemRd ERROR,ExcAluOp OK   ,BranchType OK   ,BpuMode OK   ,GprRsX1 ERROR,GprRsX2 OK   ,GprRdX ERROR,DfuMode OK   ,PipelineMode OK   ,AckX OK   ,
01000000001000010000011010110011,00000000000000000000000000000001,00000000000000000000100000000000,00000000000000000000000000000001,0,0,0000,0,0,0,0,00,00110,11,111,0000,011,1,01,1,0,00,00000000000000000000000000000000,00000000000000000000000000000000,00,0,0000,0000,1,00010,00010,01101,1,01,0000,ImmSext OK   ,Format OK   ,AluOperation ERROR,AluSource ERROR,CsrOperation ERROR,MdrOperation OK   ,WbDataSrc ERROR,GprWrEna OK   ,PcMode OK   ,ClkConfig OK   ,ExcPcWrEna ERROR,ExcCsrWrEna ERROR,ExcCsrData OK   ,ExcCsrAddress OK   ,CycleMepc ERROR,ExcMemRd ERROR,ExcAluOp OK   ,BranchType OK   ,BpuMode OK   ,GprRsX1 ERROR,GprRsX2 ERROR,GprRdX ERROR,DfuMode OK   ,PipelineMode OK   ,AckX OK   ,
00000000001000011001011100110011,00000000000000000000000000000001,00000000000000000000100000000000,00000000000000000000000000000001,0,0,0000,0,0,0,0,00,10010,11,111,0000,011,1,01,1,0,00,00000000000000000000000000000000,00000000000000000000000000000000,00,0,0000,0000,1,00011,00010,01110,1,01,0000,ImmSext OK   ,Format OK   ,AluOperation ERROR,AluSource ERROR,CsrOperation ERROR,MdrOperation OK   ,WbDataSrc ERROR,GprWrEna OK   ,PcMode OK   ,ClkConfig OK   ,ExcPcWrEna ERROR,ExcCsrWrEna ERROR,ExcCsrData OK   ,ExcCsrAddress OK   ,CycleMepc ERROR,ExcMemRd ERROR,ExcAluOp OK   ,BranchType OK   ,BpuMode OK   ,GprRsX1 ERROR,GprRsX2 ERROR,GprRdX ERROR,DfuMode OK   ,PipelineMode OK   ,AckX OK   ,
00000000001100011010011110110011,00000000000000000000000000000001,00000000000000000000100000000000,00000000000000000000000000000001,0,0,0000,0,0,0,0,00,00111,11,111,0000,101,1,01,1,0,00,00000000000000000000000000000000,00000000000000000000000000000000,00,0,0000,0000,1,00011,00011,01111,1,01,0000,ImmSext OK   ,Format OK   ,AluOperation ERROR,AluSource ERROR,CsrOperation ERROR,MdrOperation OK   ,WbDataSrc ERROR,GprWrEna OK   ,PcMode OK   ,ClkConfig OK   ,ExcPcWrEna ERROR,ExcCsrWrEna ERROR,ExcCsrData OK   ,ExcCsrAddress OK   ,CycleMepc ERROR,ExcMemRd ERROR,ExcAluOp OK   ,BranchType OK   ,BpuMode OK   ,GprRsX1 ERROR,GprRsX2 ERROR,GprRdX ERROR,DfuMode OK   ,PipelineMode OK   ,AckX OK   ,
00000000001100100011100000110011,00000000000000000000000000000001,00000000000000000000100000000000,00000000000000000000000000000001,0,0,0000,0,0,0,0,00,00110,11,111,0000,101,1,01,1,0,00,00000000000000000000000000000000,00000000000000000000000000000000,00,0,0000,0000,1,00100,00011,10000,1,01,0000,ImmSext OK   ,Format OK   ,AluOperation ERROR,AluSource ERROR,CsrOperation ERROR,MdrOperation OK   ,WbDataSrc ERROR,GprWrEna OK   ,PcMode OK   ,ClkConfig OK   ,ExcPcWrEna ERROR,ExcCsrWrEna ERROR,ExcCsrData OK   ,ExcCsrAddress OK   ,CycleMepc ERROR,ExcMemRd ERROR,ExcAluOp OK   ,BranchType OK   ,BpuMode OK   ,GprRsX1 ERROR,GprRsX2 ERROR,GprRdX ERROR,DfuMode OK   ,PipelineMode OK   ,AckX OK   ,
00000000010000100100100010110011,00000000000000000000000000000001,00000000000000000000100000000000,00000000000000000000000000000001,0,0,0000,0,0,0,0,00,00010,11,111,0000,011,1,01,1,0,00,00000000000000000000000000000000,00000000000000000000000000000000,00,0,0000,0000,1,00100,00100,10001,1,01,0000,ImmSext OK   ,Format OK   ,AluOperation ERROR,AluSource ERROR,CsrOperation ERROR,MdrOperation OK   ,WbDataSrc ERROR,GprWrEna OK   ,PcMode OK   ,ClkConfig OK   ,ExcPcWrEna ERROR,ExcCsrWrEna ERROR,ExcCsrData OK   ,ExcCsrAddress OK   ,CycleMepc ERROR,ExcMemRd ERROR,ExcAluOp OK   ,BranchType OK   ,BpuMode OK   ,GprRsX1 ERROR,GprRsX2 ERROR,GprRdX ERROR,DfuMode OK   ,PipelineMode OK   ,AckX OK   ,
00000000010000101101100100110011,00000000000000000000000000000001,00000000000000000000100000000000,00000000000000000000000000000001,0,0,0000,0,0,0,0,00,10000,11,111,0000,011,1,01,1,0,00,00000000000000000000000000000000,00000000000000000000000000000000,00,0,0000,0000,1,00101,00100,10010,1,01,0000,ImmSext OK   ,Format OK   ,AluOperation ERROR,AluSource ERROR,CsrOperation ERROR,MdrOperation OK   ,WbDataSrc ERROR,GprWrEna OK   ,PcMode OK   ,ClkConfig OK   ,ExcPcWrEna ERROR,ExcCsrWrEna ERROR,ExcCsrData OK   ,ExcCsrAddress OK   ,CycleMepc ERROR,ExcMemRd ERROR,ExcAluOp OK   ,BranchType OK   ,BpuMode OK   ,GprRsX1 ERROR,GprRsX2 ERROR,GprRdX ERROR,DfuMode OK   ,PipelineMode OK   ,AckX OK   ,
01000000010100101101100110110011,00000000000000000000000000000001,00000000000000000000100000000000,00000000000000000000000000000001,0,0,0000,0,0,0,0,00,10001,11,111,0000,011,1,01,1,0,00,00000000000000000000000000000000,00000000000000000000000000000000,00,0,0000,0000,1,00101,00101,10011,1,01,0000,ImmSext OK   ,Format OK   ,AluOperation ERROR,AluSource ERROR,CsrOperation ERROR,MdrOperation OK   ,WbDataSrc ERROR,GprWrEna OK   ,PcMode OK   ,ClkConfig OK   ,ExcPcWrEna ERROR,ExcCsrWrEna ERROR,ExcCsrData OK   ,ExcCsrAddress OK   ,CycleMepc ERROR,ExcMemRd ERROR,ExcAluOp OK   ,BranchType OK   ,BpuMode OK   ,GprRsX1 ERROR,GprRsX2 ERROR,GprRdX ERROR,DfuMode OK   ,PipelineMode OK   ,AckX OK   ,
00000000010100110110101000110011,00000000000000000000000000000001,00000000000000000000100000000000,00000000000000000000000000000001,0,0,0000,0,0,0,0,00,00001,11,111,0000,011,1,01,1,0,00,00000000000000000000000000000000,00000000000000000000000000000000,00,0,0000,0000,1,00110,00101,10100,1,01,0000,ImmSext OK   ,Format OK   ,AluOperation OK   ,AluSource ERROR,CsrOperation ERROR,MdrOperation OK   ,WbDataSrc ERROR,GprWrEna OK   ,PcMode OK   ,ClkConfig OK   ,ExcPcWrEna ERROR,ExcCsrWrEna ERROR,ExcCsrData OK   ,ExcCsrAddress OK   ,CycleMepc ERROR,ExcMemRd ERROR,ExcAluOp OK   ,BranchType OK   ,BpuMode OK   ,GprRsX1 ERROR,GprRsX2 ERROR,GprRdX ERROR,DfuMode OK   ,PipelineMode OK   ,AckX OK   ,
00000000011000110111101010110011,00000000000000000000000000000001,00000000000000000000100000000000,00000000000000000000000000000001,0,0,0000,0,0,0,0,00,00000,11,111,0000,011,1,01,1,0,00,00000000000000000000000000000000,00000000000000000000000000000000,00,0,0000,0000,1,00110,00110,10101,1,01,0000,ImmSext OK   ,Format OK   ,AluOperation ERROR,AluSource ERROR,CsrOperation ERROR,MdrOperation OK   ,WbDataSrc ERROR,GprWrEna OK   ,PcMode OK   ,ClkConfig OK   ,ExcPcWrEna ERROR,ExcCsrWrEna ERROR,ExcCsrData OK   ,ExcCsrAddress OK   ,CycleMepc ERROR,ExcMemRd ERROR,ExcAluOp OK   ,BranchType OK   ,BpuMode OK   ,GprRsX1 ERROR,GprRsX2 ERROR,GprRdX ERROR,DfuMode OK   ,PipelineMode OK   ,AckX OK   ,
00101011000100011001101101110011,00000000000000000000000000000001,00000000000000000000100000000000,00000000000000000000000000000001,0,0,0000,0,0,0,0,10,11111,00,000,0000,000,1,01,1,0,00,00000000000000000000000000000000,00000000000000000000000000000000,00,0,0000,0000,1,00011,00000,10110,1,01,0000,ImmSext OK   ,Format ERROR,AluOperation ERROR,AluSource ERROR,CsrOperation ERROR,MdrOperation OK   ,WbDataSrc ERROR,GprWrEna OK   ,PcMode OK   ,ClkConfig OK   ,ExcPcWrEna ERROR,ExcCsrWrEna ERROR,ExcCsrData OK   ,ExcCsrAddress OK   ,CycleMepc ERROR,ExcMemRd ERROR,ExcAluOp OK   ,BranchType OK   ,BpuMode OK   ,GprRsX1 ERROR,GprRsX2 ERROR,GprRdX ERROR,DfuMode OK   ,PipelineMode OK   ,AckX OK   ,
00001001100100011010101111110011,00000000000000000000000000000001,00000000000000000000100000000000,00000000000000000000000000000001,0,0,0000,0,0,0,0,10,11111,00,001,0000,000,1,01,1,0,00,00000000000000000000000000000000,00000000000000000000000000000000,00,0,0000,0000,1,00011,00000,10111,1,01,0000,ImmSext OK   ,Format ERROR,AluOperation ERROR,AluSource ERROR,CsrOperation OK   ,MdrOperation OK   ,WbDataSrc ERROR,GprWrEna OK   ,PcMode OK   ,ClkConfig OK   ,ExcPcWrEna ERROR,ExcCsrWrEna ERROR,ExcCsrData OK   ,ExcCsrAddress OK   ,CycleMepc ERROR,ExcMemRd ERROR,ExcAluOp OK   ,BranchType OK   ,BpuMode OK   ,GprRsX1 ERROR,GprRsX2 ERROR,GprRdX ERROR,DfuMode OK   ,PipelineMode OK   ,AckX OK   ,
00101110110000011011110001110011,00000000000000000000000000000001,00000000000000000000100000000000,00000000000000000000000000000001,0,0,0000,0,0,0,0,10,11111,00,010,0000,000,1,01,1,0,00,00000000000000000000000000000000,00000000000000000000000000000000,00,0,0000,0000,1,00011,00000,11000,1,01,0000,ImmSext OK   ,Format ERROR,AluOperation ERROR,AluSource ERROR,CsrOperation ERROR,MdrOperation OK   ,WbDataSrc ERROR,GprWrEna OK   ,PcMode OK   ,ClkConfig OK   ,ExcPcWrEna ERROR,ExcCsrWrEna ERROR,ExcCsrData OK   ,ExcCsrAddress OK   ,CycleMepc ERROR,ExcMemRd ERROR,ExcAluOp OK   ,BranchType OK   ,BpuMode OK   ,GprRsX1 ERROR,GprRsX2 ERROR,GprRdX ERROR,DfuMode OK   ,PipelineMode OK   ,AckX OK   ,
00110101101110101101110011110011,00000000000000000000000000000001,00000000000000000000100000000000,00000000000000000000000000000001,0,0,0000,0,0,0,0,10,11111,00,011,0000,000,1,01,1,0,00,00000000000000000000000000000000,00000000000000000000000000000000,00,0,0000,0000,1,00000,00000,11001,1,01,0000,ImmSext OK   ,Format ERROR,AluOperation ERROR,AluSource ERROR,CsrOperation ERROR,MdrOperation OK   ,WbDataSrc ERROR,GprWrEna OK   ,PcMode OK   ,ClkConfig OK   ,ExcPcWrEna ERROR,ExcCsrWrEna ERROR,ExcCsrData OK   ,ExcCsrAddress OK   ,CycleMepc ERROR,ExcMemRd ERROR,ExcAluOp OK   ,BranchType OK   ,BpuMode OK   ,GprRsX1 ERROR,GprRsX2 ERROR,GprRdX ERROR,DfuMode OK   ,PipelineMode OK   ,AckX OK   ,
00111100100001110110110101110011,00000000000000000000000000000001,00000000000000000000100000000000,00000000000000000000000000000001,0,0,0000,0,0,0,0,10,11111,00,100,0000,000,1,01,1,0,00,00000000000000000000000000000000,00000000000000000000000000000000,00,0,0000,0000,1,00000,00000,11010,1,01,0000,ImmSext OK   ,Format ERROR,AluOperation ERROR,AluSource ERROR,CsrOperation ERROR,MdrOperation OK   ,WbDataSrc ERROR,GprWrEna OK   ,PcMode OK   ,ClkConfig OK   ,ExcPcWrEna ERROR,ExcCsrWrEna ERROR,ExcCsrData OK   ,ExcCsrAddress OK   ,CycleMepc ERROR,ExcMemRd ERROR,ExcAluOp OK   ,BranchType OK   ,BpuMode OK   ,GprRsX1 ERROR,GprRsX2 ERROR,GprRdX ERROR,DfuMode OK   ,PipelineMode OK   ,AckX OK   ,
00011100001100010111110111110011,00000000000000000000000000000001,00000000000000000000100000000000,00000000000000000000000000000001,0,0,0000,0,0,0,0,10,11111,00,101,0000,000,1,01,1,0,00,00000000000000000000000000000000,00000000000000000000000000000000,00,0,0000,0000,1,00000,00000,11011,1,01,0000,ImmSext OK   ,Format ERROR,AluOperation ERROR,AluSource ERROR,CsrOperation ERROR,MdrOperation OK   ,WbDataSrc ERROR,GprWrEna OK   ,PcMode OK   ,ClkConfig OK   ,ExcPcWrEna ERROR,ExcCsrWrEna ERROR,ExcCsrData OK   ,ExcCsrAddress OK   ,CycleMepc ERROR,ExcMemRd ERROR,ExcAluOp OK   ,BranchType OK   ,BpuMode OK   ,GprRsX1 ERROR,GprRsX2 ERROR,GprRdX ERROR,DfuMode OK   ,PipelineMode OK   ,AckX OK   ,
00010110010101010000111000000011,00000000000000000000000000000001,00000000000000000000100000000000,00000000000000000000000000000001,0,0,0000,0,0,0,1,10,00100,10,111,1000,001,1,01,1,0,00,00000000000000000000000000000000,00000000000000000000000000000000,00,0,0000,0000,1,01010,00000,11100,1,01,0000,ImmSext ERROR,Format ERROR,AluOperation ERROR,AluSource ERROR,CsrOperation ERROR,MdrOperation ERROR,WbDataSrc OK   ,GprWrEna OK   ,PcMode OK   ,ClkConfig OK   ,ExcPcWrEna ERROR,ExcCsrWrEna ERROR,ExcCsrData OK   ,ExcCsrAddress OK   ,CycleMepc ERROR,ExcMemRd ERROR,ExcAluOp OK   ,BranchType OK   ,BpuMode OK   ,GprRsX1 ERROR,GprRsX2 ERROR,GprRdX ERROR,DfuMode OK   ,PipelineMode OK   ,AckX OK   ,
00010110010101010001111010000011,00000000000000000000000000000001,00000000000000000000100000000000,00000000000000000000000000000001,0,0,0000,0,0,0,1,10,00100,10,111,1001,001,1,01,1,0,00,00000000000000000000000000000000,00000000000000000000000000000000,00,0,0000,0000,1,01010,00000,11101,1,01,0000,ImmSext ERROR,Format ERROR,AluOperation ERROR,AluSource ERROR,CsrOperation ERROR,MdrOperation ERROR,WbDataSrc OK   ,GprWrEna OK   ,PcMode OK   ,ClkConfig OK   ,ExcPcWrEna ERROR,ExcCsrWrEna ERROR,ExcCsrData OK   ,ExcCsrAddress OK   ,CycleMepc ERROR,ExcMemRd ERROR,ExcAluOp OK   ,BranchType OK   ,BpuMode OK   ,GprRsX1 ERROR,GprRsX2 ERROR,GprRdX ERROR,DfuMode OK   ,PipelineMode OK   ,AckX OK   ,
00010110010101010010111100000011,00000000000000000000000000000001,00000000000000000000100000000000,00000000000000000000000000000001,0,0,0000,0,0,0,1,10,00100,10,111,1010,001,1,01,1,0,00,00000000000000000000000000000000,00000000000000000000000000000000,00,0,0000,0000,1,01010,00000,11110,1,01,0000,ImmSext ERROR,Format ERROR,AluOperation ERROR,AluSource ERROR,CsrOperation ERROR,MdrOperation ERROR,WbDataSrc OK   ,GprWrEna OK   ,PcMode OK   ,ClkConfig OK   ,ExcPcWrEna ERROR,ExcCsrWrEna ERROR,ExcCsrData OK   ,ExcCsrAddress OK   ,CycleMepc ERROR,ExcMemRd ERROR,ExcAluOp OK   ,BranchType OK   ,BpuMode OK   ,GprRsX1 ERROR,GprRsX2 ERROR,GprRdX ERROR,DfuMode OK   ,PipelineMode OK   ,AckX OK   ,
00010110010101010100111110000011,00000000000000000000000000000001,00000000000000000000100000000000,00000000000000000000000000000001,0,0,0000,0,0,0,0,10,00100,10,111,1100,001,1,01,1,0,00,00000000000000000000000000000000,00000000000000000000000000000000,00,0,0000,0000,1,01010,00000,11111,1,01,0000,ImmSext OK   ,Format ERROR,AluOperation ERROR,AluSource ERROR,CsrOperation ERROR,MdrOperation ERROR,WbDataSrc OK   ,GprWrEna OK   ,PcMode OK   ,ClkConfig OK   ,ExcPcWrEna ERROR,ExcCsrWrEna ERROR,ExcCsrData OK   ,ExcCsrAddress OK   ,CycleMepc ERROR,ExcMemRd ERROR,ExcAluOp OK   ,BranchType OK   ,BpuMode OK   ,GprRsX1 ERROR,GprRsX2 ERROR,GprRdX ERROR,DfuMode OK   ,PipelineMode OK   ,AckX OK   ,
00010110010101010101110010000011,00000000000000000000000000000001,00000000000000000000100000000000,00000000000000000000000000000001,0,0,0000,0,0,0,0,10,00100,10,111,1011,001,1,01,1,0,00,00000000000000000000000000000000,00000000000000000000000000000000,00,0,0000,0000,1,01010,00000,11001,1,01,0000,ImmSext OK   ,Format ERROR,AluOperation ERROR,AluSource ERROR,CsrOperation ERROR,MdrOperation ERROR,WbDataSrc OK   ,GprWrEna OK   ,PcMode OK   ,ClkConfig OK   ,ExcPcWrEna ERROR,ExcCsrWrEna ERROR,ExcCsrData OK   ,ExcCsrAddress OK   ,CycleMepc ERROR,ExcMemRd ERROR,ExcAluOp OK   ,BranchType OK   ,BpuMode OK   ,GprRsX1 ERROR,GprRsX2 ERROR,GprRdX ERROR,DfuMode OK   ,PipelineMode OK   ,AckX OK   ,
00001110101101010000111110100011,00000000000000000000000000000001,00000000000000000000100000000000,00000000000000000000000000000001,0,0,0000,0,0,0,0,11,00100,10,111,1110,111,0,01,1,0,00,00000000000000000000000000000000,00000000000000000000000000000000,00,0,0000,0000,1,01010,01011,00000,1,01,0000,ImmSext OK   ,Format ERROR,AluOperation ERROR,AluSource ERROR,CsrOperation ERROR,MdrOperation ERROR,WbDataSrc ERROR,GprWrEna ERROR,PcMode OK   ,ClkConfig OK   ,ExcPcWrEna ERROR,ExcCsrWrEna ERROR,ExcCsrData OK   ,ExcCsrAddress OK   ,CycleMepc ERROR,ExcMemRd ERROR,ExcAluOp OK   ,BranchType OK   ,BpuMode OK   ,GprRsX1 ERROR,GprRsX2 ERROR,GprRdX ERROR,DfuMode OK   ,PipelineMode OK   ,AckX OK   ,
00001001011001011001100010100011,00000000000000000000000000000001,00000000000000000000100000000000,00000000000000000000000000000001,0,0,0000,0,0,0,0,11,00100,10,111,1111,111,0,01,1,0,00,00000000000000000000000000000000,00000000000000000000000000000000,00,0,0000,0000,1,01011,10110,00000,1,01,0000,ImmSext OK   ,Format ERROR,AluOperation ERROR,AluSource ERROR,CsrOperation ERROR,MdrOperation ERROR,WbDataSrc ERROR,GprWrEna ERROR,PcMode OK   ,ClkConfig OK   ,ExcPcWrEna ERROR,ExcCsrWrEna ERROR,ExcCsrData OK   ,ExcCsrAddress OK   ,CycleMepc ERROR,ExcMemRd ERROR,ExcAluOp OK   ,BranchType OK   ,BpuMode OK   ,GprRsX1 ERROR,GprRsX2 ERROR,GprRdX ERROR,DfuMode OK   ,PipelineMode OK   ,AckX OK   ,
00010101010101100010000100100011,00000000000000000000000000000001,00000000000000000000100000000000,00000000000000000000000000000001,0,0,0000,0,0,0,0,11,00100,10,111,1101,111,0,01,1,0,00,00000000000000000000000000000000,00000000000000000000000000000000,00,0,0000,0000,1,01100,10101,00000,1,01,0000,ImmSext OK   ,Format ERROR,AluOperation ERROR,AluSource ERROR,CsrOperation ERROR,MdrOperation ERROR,WbDataSrc ERROR,GprWrEna ERROR,PcMode OK   ,ClkConfig OK   ,ExcPcWrEna ERROR,ExcCsrWrEna ERROR,ExcCsrData OK   ,ExcCsrAddress OK   ,CycleMepc ERROR,ExcMemRd ERROR,ExcAluOp OK   ,BranchType OK   ,BpuMode OK   ,GprRsX1 ERROR,GprRsX2 ERROR,GprRdX ERROR,DfuMode OK   ,PipelineMode OK   ,AckX OK   ,
00000010000100011000111110110011,00000000000000000000000000000001,00000000000000000000100000000000,00000000000000000000000000000001,0,0,0000,0,0,0,0,00,11000,11,111,0000,011,1,01,1,0,00,00000000000000000000000000000000,00000000000000000000000000000000,00,0,0000,0000,1,00011,00001,11111,1,01,0000,ImmSext OK   ,Format OK   ,AluOperation ERROR,AluSource ERROR,CsrOperation ERROR,MdrOperation OK   ,WbDataSrc ERROR,GprWrEna OK   ,PcMode OK   ,ClkConfig OK   ,ExcPcWrEna ERROR,ExcCsrWrEna ERROR,ExcCsrData OK   ,ExcCsrAddress OK   ,CycleMepc ERROR,ExcMemRd ERROR,ExcAluOp OK   ,BranchType OK   ,BpuMode OK   ,GprRsX1 ERROR,GprRsX2 OK   ,GprRdX ERROR,DfuMode OK   ,PipelineMode ERROR,AckX OK   ,
00000010001000100001111100110011,00000000000000000000000000000001,00000000000000000000100000000000,00000000000000000000000000000001,0,0,0000,0,0,0,0,00,01011,11,111,0000,011,1,01,1,0,00,00000000000000000000000000000000,00000000000000000000000000000000,00,0,0000,0000,1,00100,00010,11110,1,01,0000,ImmSext OK   ,Format OK   ,AluOperation ERROR,AluSource ERROR,CsrOperation ERROR,MdrOperation OK   ,WbDataSrc ERROR,GprWrEna OK   ,PcMode OK   ,ClkConfig OK   ,ExcPcWrEna ERROR,ExcCsrWrEna ERROR,ExcCsrData OK   ,ExcCsrAddress OK   ,CycleMepc ERROR,ExcMemRd ERROR,ExcAluOp OK   ,BranchType OK   ,BpuMode OK   ,GprRsX1 ERROR,GprRsX2 ERROR,GprRdX ERROR,DfuMode OK   ,PipelineMode ERROR,AckX OK   ,
00000010001100101010111010110011,00000000000000000000000000000001,00000000000000000000100000000000,00000000000000000000000000000001,0,0,0000,0,0,0,0,00,01010,11,111,0000,011,1,01,1,0,00,00000000000000000000000000000000,00000000000000000000000000000000,00,0,0000,0000,1,00101,00011,11101,1,01,0000,ImmSext OK   ,Format OK   ,AluOperation ERROR,AluSource ERROR,CsrOperation ERROR,MdrOperation OK   ,WbDataSrc ERROR,GprWrEna OK   ,PcMode OK   ,ClkConfig OK   ,ExcPcWrEna ERROR,ExcCsrWrEna ERROR,ExcCsrData OK   ,ExcCsrAddress OK   ,CycleMepc ERROR,ExcMemRd ERROR,ExcAluOp OK   ,BranchType OK   ,BpuMode OK   ,GprRsX1 ERROR,GprRsX2 ERROR,GprRdX ERROR,DfuMode OK   ,PipelineMode ERROR,AckX OK   ,
00000010010000110011111000110011,00000000000000000000000000000001,00000000000000000000100000000000,00000000000000000000000000000001,0,0,0000,0,0,0,0,00,01000,11,111,0000,011,1,01,1,0,00,00000000000000000000000000000000,00000000000000000000000000000000,00,0,0000,0000,1,00110,00100,11100,1,01,0000,ImmSext OK   ,Format OK   ,AluOperation ERROR,AluSource ERROR,CsrOperation ERROR,MdrOperation OK   ,WbDataSrc ERROR,GprWrEna OK   ,PcMode OK   ,ClkConfig OK   ,ExcPcWrEna ERROR,ExcCsrWrEna ERROR,ExcCsrData OK   ,ExcCsrAddress OK   ,CycleMepc ERROR,ExcMemRd ERROR,ExcAluOp OK   ,BranchType OK   ,BpuMode OK   ,GprRsX1 ERROR,GprRsX2 ERROR,GprRdX ERROR,DfuMode OK   ,PipelineMode ERROR,AckX OK   ,
00000010010100111100110110110011,00000000000000000000000000000001,00000000000000000000100000000000,00000000000000000000000000000001,0,0,0000,0,0,0,0,00,01101,11,111,0000,011,1,01,1,0,00,00000000000000000000000000000000,00000000000000000000000000000000,00,0,0000,0000,1,00111,00101,11011,1,01,0000,ImmSext OK   ,Format OK   ,AluOperation ERROR,AluSource ERROR,CsrOperation ERROR,MdrOperation OK   ,WbDataSrc ERROR,GprWrEna OK   ,PcMode OK   ,ClkConfig OK   ,ExcPcWrEna ERROR,ExcCsrWrEna ERROR,ExcCsrData OK   ,ExcCsrAddress OK   ,CycleMepc ERROR,ExcMemRd ERROR,ExcAluOp OK   ,BranchType OK   ,BpuMode OK   ,GprRsX1 ERROR,GprRsX2 ERROR,GprRdX ERROR,DfuMode OK   ,PipelineMode ERROR,AckX OK   ,
00000010011001000101110100110011,00000000000000000000000000000001,00000000000000000000100000000000,00000000000000000000000000000001,0,0,0000,0,0,0,0,00,01100,11,111,0000,011,1,01,1,0,00,00000000000000000000000000000000,00000000000000000000000000000000,00,0,0000,0000,1,01000,00110,11010,1,01,0000,ImmSext OK   ,Format OK   ,AluOperation ERROR,AluSource ERROR,CsrOperation ERROR,MdrOperation OK   ,WbDataSrc ERROR,GprWrEna OK   ,PcMode OK   ,ClkConfig OK   ,ExcPcWrEna ERROR,ExcCsrWrEna ERROR,ExcCsrData OK   ,ExcCsrAddress OK   ,CycleMepc ERROR,ExcMemRd ERROR,ExcAluOp OK   ,BranchType OK   ,BpuMode OK   ,GprRsX1 ERROR,GprRsX2 ERROR,GprRdX ERROR,DfuMode OK   ,PipelineMode ERROR,AckX OK   ,
00000010011101001110110010110011,00000000000000000000000000000001,00000000000000000000100000000000,00000000000000000000000000000001,0,0,0000,0,0,0,0,00,01111,11,111,0000,011,1,01,1,0,00,00000000000000000000000000000000,00000000000000000000000000000000,00,0,0000,0000,1,01001,00111,11001,1,01,0000,ImmSext OK   ,Format OK   ,AluOperation ERROR,AluSource ERROR,CsrOperation ERROR,MdrOperation OK   ,WbDataSrc ERROR,GprWrEna OK   ,PcMode OK   ,ClkConfig OK   ,ExcPcWrEna ERROR,ExcCsrWrEna ERROR,ExcCsrData OK   ,ExcCsrAddress OK   ,CycleMepc ERROR,ExcMemRd ERROR,ExcAluOp OK   ,BranchType OK   ,BpuMode OK   ,GprRsX1 ERROR,GprRsX2 ERROR,GprRdX ERROR,DfuMode OK   ,PipelineMode ERROR,AckX OK   ,
00000010100000001111110000110011,00000000000000000000000000000001,00000000000000000000100000000000,00000000000000000000000000000001,0,0,0000,0,0,0,0,00,01110,11,111,0000,011,1,01,1,0,00,00000000000000000000000000000000,00000000000000000000000000000000,00,0,0000,0000,1,00001,01000,11000,1,01,0000,ImmSext OK   ,Format OK   ,AluOperation ERROR,AluSource ERROR,CsrOperation ERROR,MdrOperation OK   ,WbDataSrc ERROR,GprWrEna OK   ,PcMode OK   ,ClkConfig OK   ,ExcPcWrEna ERROR,ExcCsrWrEna ERROR,ExcCsrData OK   ,ExcCsrAddress OK   ,CycleMepc ERROR,ExcMemRd ERROR,ExcAluOp OK   ,BranchType OK   ,BpuMode OK   ,GprRsX1 OK   ,GprRsX2 ERROR,GprRdX ERROR,DfuMode OK   ,PipelineMode ERROR,AckX OK   ,
00000000000100001000000100110011,00000000000000000000000000000001,00000000000000000000100000000000,00000000000000000000000000000001,0,0,0000,0,0,0,0,00,00100,11,111,0000,011,1,01,1,0,00,00000000000000000000000000000000,00000000000000000000000000000000,00,0,0000,0000,1,00001,00001,00010,1,01,0000,ImmSext OK   ,Format OK   ,AluOperation ERROR,AluSource ERROR,CsrOperation ERROR,MdrOperation OK   ,WbDataSrc ERROR,GprWrEna OK   ,PcMode OK   ,ClkConfig OK   ,ExcPcWrEna ERROR,ExcCsrWrEna ERROR,ExcCsrData OK   ,ExcCsrAddress OK   ,CycleMepc ERROR,ExcMemRd ERROR,ExcAluOp OK   ,BranchType OK   ,BpuMode OK   ,GprRsX1 OK   ,GprRsX2 OK   ,GprRdX ERROR,DfuMode OK   ,PipelineMode ERROR,AckX OK   ,
00000000000100010000000110110011,00000000000000000000000000000001,00000000000000000000100000000000,00000000000000000000000000000001,0,0,0000,0,0,0,0,00,00100,11,111,0000,011,1,01,1,0,00,00000000000000000000000000000000,00000000000000000000000000000000,00,0,0000,0000,1,00010,00001,00011,1,01,0000,ImmSext OK   ,Format OK   ,AluOperation ERROR,AluSource ERROR,CsrOperation ERROR,MdrOperation OK   ,WbDataSrc ERROR,GprWrEna OK   ,PcMode OK   ,ClkConfig OK   ,ExcPcWrEna ERROR,ExcCsrWrEna ERROR,ExcCsrData OK   ,ExcCsrAddress OK   ,CycleMepc ERROR,ExcMemRd ERROR,ExcAluOp OK   ,BranchType OK   ,BpuMode OK   ,GprRsX1 ERROR,GprRsX2 OK   ,GprRdX ERROR,DfuMode OK   ,PipelineMode ERROR,AckX OK   ,
00000000010000101101100100110011,00000000000000000000000000000001,00000000000000000000100000000000,00000000000000000000000000000001,1,0,0000,0,0,0,0,00,10000,11,111,0000,011,1,00,1,0,00,00000000000000000000000000000000,00000000000000000000000000000000,00,0,0000,0000,1,00101,00100,10010,1,01,0000,ImmSext OK   ,Format OK   ,AluOperation ERROR,AluSource ERROR,CsrOperation ERROR,MdrOperation OK   ,WbDataSrc ERROR,GprWrEna OK   ,PcMode ERROR,ClkConfig OK   ,ExcPcWrEna ERROR,ExcCsrWrEna ERROR,ExcCsrData OK   ,ExcCsrAddress OK   ,CycleMepc ERROR,ExcMemRd ERROR,ExcAluOp OK   ,BranchType OK   ,BpuMode OK   ,GprRsX1 ERROR,GprRsX2 ERROR,GprRdX ERROR,DfuMode OK   ,PipelineMode ERROR,AckX OK   ,
01000000010100101101100110110011,00000000000000000000000000000001,00000000000000000000100000000000,00000000000000000000000000000001,0,0,0000,0,0,0,0,00,10001,11,111,0000,011,1,01,1,0,00,00000000000000000000000000000000,00000000000000000000000000000000,00,0,0000,0000,1,00101,00101,10011,1,01,0000,ImmSext OK   ,Format OK   ,AluOperation ERROR,AluSource ERROR,CsrOperation ERROR,MdrOperation OK   ,WbDataSrc ERROR,GprWrEna OK   ,PcMode OK   ,ClkConfig OK   ,ExcPcWrEna ERROR,ExcCsrWrEna ERROR,ExcCsrData OK   ,ExcCsrAddress OK   ,CycleMepc ERROR,ExcMemRd ERROR,ExcAluOp OK   ,BranchType OK   ,BpuMode OK   ,GprRsX1 ERROR,GprRsX2 ERROR,GprRdX ERROR,DfuMode OK   ,PipelineMode ERROR,AckX OK   ,
00000000010100110110101000110011,00000000000000000000000000000001,00000000000000000000100000000000,00000000000000000000000000000001,0,0,0000,0,0,0,0,00,00001,11,111,0000,011,1,01,1,0,00,00000000000000000000000000000000,00000000000000000000000000000000,00,0,0000,0000,1,00110,00101,10100,1,01,0000,ImmSext OK   ,Format OK   ,AluOperation OK   ,AluSource ERROR,CsrOperation ERROR,MdrOperation OK   ,WbDataSrc ERROR,GprWrEna OK   ,PcMode OK   ,ClkConfig OK   ,ExcPcWrEna ERROR,ExcCsrWrEna ERROR,ExcCsrData OK   ,ExcCsrAddress OK   ,CycleMepc ERROR,ExcMemRd ERROR,ExcAluOp OK   ,BranchType OK   ,BpuMode OK   ,GprRsX1 ERROR,GprRsX2 ERROR,GprRdX ERROR,DfuMode OK   ,PipelineMode ERROR,AckX OK   ,
00000000011000110111101010110011,00000000000000000000000000000001,00000000000000000000100000000000,00000000000000000000000000000001,0,0,0000,0,0,0,0,00,00000,11,111,0000,011,1,01,1,0,00,00000000000000000000000000000000,00000000000000000000000000000000,00,0,0000,0000,1,00110,00110,10101,1,01,0000,ImmSext OK   ,Format OK   ,AluOperation ERROR,AluSource ERROR,CsrOperation ERROR,MdrOperation OK   ,WbDataSrc ERROR,GprWrEna OK   ,PcMode OK   ,ClkConfig OK   ,ExcPcWrEna ERROR,ExcCsrWrEna ERROR,ExcCsrData OK   ,ExcCsrAddress OK   ,CycleMepc ERROR,ExcMemRd ERROR,ExcAluOp OK   ,BranchType OK   ,BpuMode OK   ,GprRsX1 ERROR,GprRsX2 ERROR,GprRdX ERROR,DfuMode OK   ,PipelineMode ERROR,AckX OK   ,
00001100001100010000010001100011,00000000000000000000000000000001,00000000000000000000100000000000,00000000000000000000000000000001,0,0,0000,0,0,0,0,11,11111,00,111,0000,111,0,01,1,0,00,00000000000000000000000000000000,00000000000000000000000000000000,00,0,0000,1000,1,00010,00011,00000,1,01,0000,ImmSext OK   ,Format ERROR,AluOperation ERROR,AluSource ERROR,CsrOperation ERROR,MdrOperation OK   ,WbDataSrc ERROR,GprWrEna ERROR,PcMode OK   ,ClkConfig OK   ,ExcPcWrEna ERROR,ExcCsrWrEna ERROR,ExcCsrData OK   ,ExcCsrAddress OK   ,CycleMepc ERROR,ExcMemRd ERROR,ExcAluOp OK   ,BranchType ERROR,BpuMode OK   ,GprRsX1 ERROR,GprRsX2 ERROR,GprRdX ERROR,DfuMode OK   ,PipelineMode ERROR,AckX OK   ,
00010010001100010001011001100011,00000000000000000000000000000001,00000000000000000000100000000000,00000000000000000000000000000001,0,0,0000,0,0,0,0,11,11111,00,111,0000,111,0,01,1,0,00,00000000000000000000000000000000,00000000000000000000000000000000,00,0,0000,1001,1,00010,00011,00000,1,01,0000,ImmSext OK   ,Format ERROR,AluOperation ERROR,AluSource ERROR,CsrOperation ERROR,MdrOperation OK   ,WbDataSrc ERROR,GprWrEna ERROR,PcMode OK   ,ClkConfig OK   ,ExcPcWrEna ERROR,ExcCsrWrEna ERROR,ExcCsrData OK   ,ExcCsrAddress OK   ,CycleMepc ERROR,ExcMemRd ERROR,ExcAluOp OK   ,BranchType ERROR,BpuMode OK   ,GprRsX1 ERROR,GprRsX2 ERROR,GprRdX ERROR,DfuMode OK   ,PipelineMode ERROR,AckX OK   ,
00011000001100010100100001100011,00000000000000000000000000000001,00000000000000000000100000000000,00000000000000000000000000000001,0,0,0000,0,0,0,0,11,11111,00,111,0000,111,0,01,1,0,00,00000000000000000000000000000000,00000000000000000000000000000000,00,0,0000,1100,1,00010,00011,00000,1,01,0000,ImmSext OK   ,Format ERROR,AluOperation ERROR,AluSource ERROR,CsrOperation ERROR,MdrOperation OK   ,WbDataSrc ERROR,GprWrEna ERROR,PcMode OK   ,ClkConfig OK   ,ExcPcWrEna ERROR,ExcCsrWrEna ERROR,ExcCsrData OK   ,ExcCsrAddress OK   ,CycleMepc ERROR,ExcMemRd ERROR,ExcAluOp OK   ,BranchType ERROR,BpuMode OK   ,GprRsX1 ERROR,GprRsX2 ERROR,GprRdX ERROR,DfuMode OK   ,PipelineMode ERROR,AckX OK   ,
00011110001100010101101001100011,00000000000000000000000000000001,00000000000000000000100000000000,00000000000000000000000000000001,0,0,0000,0,0,0,0,11,11111,00,111,0000,111,0,01,1,0,00,00000000000000000000000000000000,00000000000000000000000000000000,00,0,0000,1101,1,00010,00011,00000,1,01,0000,ImmSext OK   ,Format ERROR,AluOperation ERROR,AluSource ERROR,CsrOperation ERROR,MdrOperation OK   ,WbDataSrc ERROR,GprWrEna ERROR,PcMode OK   ,ClkConfig OK   ,ExcPcWrEna ERROR,ExcCsrWrEna ERROR,ExcCsrData OK   ,ExcCsrAddress OK   ,CycleMepc ERROR,ExcMemRd ERROR,ExcAluOp OK   ,BranchType ERROR,BpuMode OK   ,GprRsX1 ERROR,GprRsX2 ERROR,GprRdX ERROR,DfuMode OK   ,PipelineMode ERROR,AckX OK   ,
00100100001100010110110001100011,00000000000000000000000000000001,00000000000000000000100000000000,00000000000000000000000000000001,0,0,0000,0,0,0,0,11,11111,00,111,0000,111,0,01,1,0,00,00000000000000000000000000000000,00000000000000000000000000000000,00,0,0000,1110,1,00010,00011,00000,1,01,0000,ImmSext OK   ,Format ERROR,AluOperation ERROR,AluSource ERROR,CsrOperation ERROR,MdrOperation OK   ,WbDataSrc ERROR,GprWrEna ERROR,PcMode OK   ,ClkConfig OK   ,ExcPcWrEna ERROR,ExcCsrWrEna ERROR,ExcCsrData OK   ,ExcCsrAddress OK   ,CycleMepc ERROR,ExcMemRd ERROR,ExcAluOp OK   ,BranchType ERROR,BpuMode OK   ,GprRsX1 ERROR,GprRsX2 ERROR,GprRdX ERROR,DfuMode OK   ,PipelineMode ERROR,AckX OK   ,
00101010001100010111111001100011,00000000000000000000000000000001,00000000000000000000100000000000,00000000000000000000000000000001,0,0,0000,0,0,0,0,11,11111,00,111,0000,111,0,01,1,0,00,00000000000000000000000000000000,00000000000000000000000000000000,00,0,0000,1111,1,00010,00011,00000,1,01,0000,ImmSext OK   ,Format ERROR,AluOperation ERROR,AluSource ERROR,CsrOperation ERROR,MdrOperation OK   ,WbDataSrc ERROR,GprWrEna ERROR,PcMode OK   ,ClkConfig OK   ,ExcPcWrEna ERROR,ExcCsrWrEna ERROR,ExcCsrData OK   ,ExcCsrAddress OK   ,CycleMepc ERROR,ExcMemRd ERROR,ExcAluOp OK   ,BranchType ERROR,BpuMode OK   ,GprRsX1 ERROR,GprRsX2 ERROR,GprRdX ERROR,DfuMode OK   ,PipelineMode ERROR,AckX OK   ,
00000100111000000000001011101111,00000000000000000000000000000001,00000000000000000000100000000000,00000000000000000000000000000001,0,0,0000,0,0,0,1,10,00100,01,111,0000,100,1,01,1,0,00,00000000000000000000000000000000,00000000000000000000000000000000,00,0,0000,0000,1,00000,00000,00101,1,01,0000,ImmSext ERROR,Format ERROR,AluOperation ERROR,AluSource OK   ,CsrOperation ERROR,MdrOperation OK   ,WbDataSrc ERROR,GprWrEna OK   ,PcMode OK   ,ClkConfig OK   ,ExcPcWrEna ERROR,ExcCsrWrEna ERROR,ExcCsrData OK   ,ExcCsrAddress OK   ,CycleMepc ERROR,ExcMemRd ERROR,ExcAluOp OK   ,BranchType OK   ,BpuMode OK   ,GprRsX1 ERROR,GprRsX2 ERROR,GprRdX ERROR,DfuMode OK   ,PipelineMode ERROR,AckX OK   ,
00000000000100010000011000110011,00000000000000000000000000000001,00000000000000000000100000000000,00000000000000000000000000000001,0,0,0000,0,0,0,0,00,00100,11,111,0000,011,1,00,1,0,00,00000000000000000000000000000000,00000000000000000000000000000000,00,0,0000,0000,1,00010,00001,01100,1,01,0000,ImmSext OK   ,Format OK   ,AluOperation ERROR,AluSource ERROR,CsrOperation ERROR,MdrOperation OK   ,WbDataSrc ERROR,GprWrEna OK   ,PcMode ERROR,ClkConfig OK   ,ExcPcWrEna ERROR,ExcCsrWrEna ERROR,ExcCsrData OK   ,ExcCsrAddress OK   ,CycleMepc ERROR,ExcMemRd ERROR,ExcAluOp OK   ,BranchType OK   ,BpuMode OK   ,GprRsX1 ERROR,GprRsX2 OK   ,GprRdX ERROR,DfuMode OK   ,PipelineMode ERROR,AckX OK   ,
01000000001000010000011010110011,00000000000000000000000000000001,00000000000000000000100000000000,00000000000000000000000000000001,0,0,0000,0,0,0,0,00,00110,11,111,0000,011,1,00,1,0,00,00000000000000000000000000000000,00000000000000000000000000000000,00,0,0000,0000,1,00010,00010,01101,1,01,0000,ImmSext OK   ,Format OK   ,AluOperation ERROR,AluSource ERROR,CsrOperation ERROR,MdrOperation OK   ,WbDataSrc ERROR,GprWrEna OK   ,PcMode ERROR,ClkConfig OK   ,ExcPcWrEna ERROR,ExcCsrWrEna ERROR,ExcCsrData OK   ,ExcCsrAddress OK   ,CycleMepc ERROR,ExcMemRd ERROR,ExcAluOp OK   ,BranchType OK   ,BpuMode OK   ,GprRsX1 ERROR,GprRsX2 ERROR,GprRdX ERROR,DfuMode OK   ,PipelineMode ERROR,AckX OK   ,
00000000001000011001011100110011,00000000000000000000000000000001,00000000000000000000100000000000,00000000000000000000000000000001,0,0,0000,0,0,0,0,00,10010,11,111,0000,011,1,00,1,0,00,00000000000000000000000000000000,00000000000000000000000000000000,00,0,0000,0000,1,00011,00010,01110,1,01,0000,ImmSext OK   ,Format OK   ,AluOperation ERROR,AluSource ERROR,CsrOperation ERROR,MdrOperation OK   ,WbDataSrc ERROR,GprWrEna OK   ,PcMode ERROR,ClkConfig OK   ,ExcPcWrEna ERROR,ExcCsrWrEna ERROR,ExcCsrData OK   ,ExcCsrAddress OK   ,CycleMepc ERROR,ExcMemRd ERROR,ExcAluOp OK   ,BranchType OK   ,BpuMode OK   ,GprRsX1 ERROR,GprRsX2 ERROR,GprRdX ERROR,DfuMode OK   ,PipelineMode ERROR,AckX OK   ,
00000000001100011010011110110011,00000000000000000000000000000001,00000000000000000000100000000000,00000000000000000000000000000001,0,0,0000,0,0,0,0,00,00111,11,111,0000,101,1,00,1,0,00,00000000000000000000000000000000,00000000000000000000000000000000,00,0,0000,0000,1,00011,00011,01111,1,01,0000,ImmSext OK   ,Format OK   ,AluOperation ERROR,AluSource ERROR,CsrOperation ERROR,MdrOperation OK   ,WbDataSrc ERROR,GprWrEna OK   ,PcMode ERROR,ClkConfig OK   ,ExcPcWrEna ERROR,ExcCsrWrEna ERROR,ExcCsrData OK   ,ExcCsrAddress OK   ,CycleMepc ERROR,ExcMemRd ERROR,ExcAluOp OK   ,BranchType OK   ,BpuMode OK   ,GprRsX1 ERROR,GprRsX2 ERROR,GprRdX ERROR,DfuMode OK   ,PipelineMode ERROR,AckX OK   ,
00000000001100100011100000110011,00000000000000000000000000000001,00000000000000000000100000000000,00000000000000000000000000000001,0,0,0000,0,0,0,0,00,00110,11,111,0000,101,1,00,1,0,00,00000000000000000000000000000000,00000000000000000000000000000000,00,0,0000,0000,1,00100,00011,10000,1,01,0000,ImmSext OK   ,Format OK   ,AluOperation ERROR,AluSource ERROR,CsrOperation ERROR,MdrOperation OK   ,WbDataSrc ERROR,GprWrEna OK   ,PcMode ERROR,ClkConfig OK   ,ExcPcWrEna ERROR,ExcCsrWrEna ERROR,ExcCsrData OK   ,ExcCsrAddress OK   ,CycleMepc ERROR,ExcMemRd ERROR,ExcAluOp OK   ,BranchType OK   ,BpuMode OK   ,GprRsX1 ERROR,GprRsX2 ERROR,GprRdX ERROR,DfuMode OK   ,PipelineMode ERROR,AckX OK   ,
00000000001100100011100000110011,00000000000000000000000000000001,00000000000000000000100000000000,00000000000000000000000000000001,0,0,0000,0,0,0,0,00,00110,11,111,0000,101,1,10,1,0,00,00000000000000000000000000000000,00000000000000000000000000000000,00,0,0000,0000,1,00100,00011,10000,1,01,0000,ImmSext OK   ,Format OK   ,AluOperation ERROR,AluSource ERROR,CsrOperation ERROR,MdrOperation OK   ,WbDataSrc ERROR,GprWrEna OK   ,PcMode ERROR,ClkConfig OK   ,ExcPcWrEna ERROR,ExcCsrWrEna ERROR,ExcCsrData OK   ,ExcCsrAddress OK   ,CycleMepc ERROR,ExcMemRd ERROR,ExcAluOp OK   ,BranchType OK   ,BpuMode OK   ,GprRsX1 ERROR,GprRsX2 ERROR,GprRdX ERROR,DfuMode OK   ,PipelineMode ERROR,AckX OK   ,
00000110010001010000101101100111,00000000000000000000000000000001,00000000000000000000100000000000,00000000000000000000000000000001,0,0,0000,0,0,0,1,10,00100,10,111,0000,100,1,01,1,0,00,00000000000000000000000000000000,00000000000000000000000000000000,00,0,0000,0000,1,01010,00000,10110,1,01,0000,ImmSext ERROR,Format ERROR,AluOperation ERROR,AluSource ERROR,CsrOperation ERROR,MdrOperation OK   ,WbDataSrc ERROR,GprWrEna OK   ,PcMode OK   ,ClkConfig OK   ,ExcPcWrEna ERROR,ExcCsrWrEna ERROR,ExcCsrData OK   ,ExcCsrAddress OK   ,CycleMepc ERROR,ExcMemRd ERROR,ExcAluOp OK   ,BranchType OK   ,BpuMode OK   ,GprRsX1 ERROR,GprRsX2 ERROR,GprRdX ERROR,DfuMode OK   ,PipelineMode ERROR,AckX OK   ,
00000000000100010000011000110011,00000000000000000000000000000001,00000000000000000000100000000000,00000000000000000000000000000001,0,0,0000,0,0,0,0,00,00100,11,111,0000,011,1,00,1,0,00,00000000000000000000000000000000,00000000000000000000000000000000,00,0,0000,0000,1,00010,00001,01100,1,01,0000,ImmSext OK   ,Format OK   ,AluOperation ERROR,AluSource ERROR,CsrOperation ERROR,MdrOperation OK   ,WbDataSrc ERROR,GprWrEna OK   ,PcMode ERROR,ClkConfig OK   ,ExcPcWrEna ERROR,ExcCsrWrEna ERROR,ExcCsrData OK   ,ExcCsrAddress OK   ,CycleMepc ERROR,ExcMemRd ERROR,ExcAluOp OK   ,BranchType OK   ,BpuMode OK   ,GprRsX1 ERROR,GprRsX2 OK   ,GprRdX ERROR,DfuMode OK   ,PipelineMode ERROR,AckX OK   ,
01000000001000010000011010110011,00000000000000000000000000000001,00000000000000000000100000000000,00000000000000000000000000000001,0,0,0000,0,0,0,0,00,00110,11,111,0000,011,1,00,1,0,00,00000000000000000000000000000000,00000000000000000000000000000000,00,0,0000,0000,1,00010,00010,01101,1,01,0000,ImmSext OK   ,Format OK   ,AluOperation ERROR,AluSource ERROR,CsrOperation ERROR,MdrOperation OK   ,WbDataSrc ERROR,GprWrEna OK   ,PcMode ERROR,ClkConfig OK   ,ExcPcWrEna ERROR,ExcCsrWrEna ERROR,ExcCsrData OK   ,ExcCsrAddress OK   ,CycleMepc ERROR,ExcMemRd ERROR,ExcAluOp OK   ,BranchType OK   ,BpuMode OK   ,GprRsX1 ERROR,GprRsX2 ERROR,GprRdX ERROR,DfuMode OK   ,PipelineMode ERROR,AckX OK   ,
00000000001000011001011100110011,00000000000000000000000000000001,00000000000000000000100000000000,00000000000000000000000000000001,0,0,0000,0,0,0,0,00,10010,11,111,0000,011,1,00,1,0,00,00000000000000000000000000000000,00000000000000000000000000000000,00,0,0000,0000,1,00011,00010,01110,1,01,0000,ImmSext OK   ,Format OK   ,AluOperation ERROR,AluSource ERROR,CsrOperation ERROR,MdrOperation OK   ,WbDataSrc ERROR,GprWrEna OK   ,PcMode ERROR,ClkConfig OK   ,ExcPcWrEna ERROR,ExcCsrWrEna ERROR,ExcCsrData OK   ,ExcCsrAddress OK   ,CycleMepc ERROR,ExcMemRd ERROR,ExcAluOp OK   ,BranchType OK   ,BpuMode OK   ,GprRsX1 ERROR,GprRsX2 ERROR,GprRdX ERROR,DfuMode OK   ,PipelineMode ERROR,AckX OK   ,
00000000001100011010011110110011,00000000000000000000000000000001,00000000000000000000100000000000,00000000000000000000000000000001,0,0,0000,0,0,0,0,00,00111,11,111,0000,101,1,00,1,0,00,00000000000000000000000000000000,00000000000000000000000000000000,00,0,0000,0000,1,00011,00011,01111,1,01,0000,ImmSext OK   ,Format OK   ,AluOperation ERROR,AluSource ERROR,CsrOperation ERROR,MdrOperation OK   ,WbDataSrc ERROR,GprWrEna OK   ,PcMode ERROR,ClkConfig OK   ,ExcPcWrEna ERROR,ExcCsrWrEna ERROR,ExcCsrData OK   ,ExcCsrAddress OK   ,CycleMepc ERROR,ExcMemRd ERROR,ExcAluOp OK   ,BranchType OK   ,BpuMode OK   ,GprRsX1 ERROR,GprRsX2 ERROR,GprRdX ERROR,DfuMode OK   ,PipelineMode ERROR,AckX OK   ,
00000000001100100011100000110011,00000000000000000000000000000001,00000000000000000000100000000000,00000000000000000000000000000001,0,0,0000,0,0,0,0,00,00110,11,111,0000,101,1,00,1,0,00,00000000000000000000000000000000,00000000000000000000000000000000,00,0,0000,0000,1,00100,00011,10000,1,01,0000,ImmSext OK   ,Format OK   ,AluOperation ERROR,AluSource ERROR,CsrOperation ERROR,MdrOperation OK   ,WbDataSrc ERROR,GprWrEna OK   ,PcMode ERROR,ClkConfig OK   ,ExcPcWrEna ERROR,ExcCsrWrEna ERROR,ExcCsrData OK   ,ExcCsrAddress OK   ,CycleMepc ERROR,ExcMemRd ERROR,ExcAluOp OK   ,BranchType OK   ,BpuMode OK   ,GprRsX1 ERROR,GprRsX2 ERROR,GprRdX ERROR,DfuMode OK   ,PipelineMode ERROR,AckX OK   ,
00000000000000010110000010110111,00000000000000000000000000000001,00000000000000000000100000000000,00000000000000000000000000000001,0,0,0000,0,0,0,0,01,11111,00,111,0000,010,1,10,1,0,00,00000000000000000000000000000000,00000000000000000000000000000000,00,0,0000,0000,1,00000,00000,00001,1,01,0000,ImmSext OK   ,Format ERROR,AluOperation ERROR,AluSource ERROR,CsrOperation ERROR,MdrOperation OK   ,WbDataSrc ERROR,GprWrEna OK   ,PcMode ERROR,ClkConfig OK   ,ExcPcWrEna ERROR,ExcCsrWrEna ERROR,ExcCsrData OK   ,ExcCsrAddress OK   ,CycleMepc ERROR,ExcMemRd ERROR,ExcAluOp OK   ,BranchType OK   ,BpuMode OK   ,GprRsX1 ERROR,GprRsX2 ERROR,GprRdX OK   ,DfuMode OK   ,PipelineMode ERROR,AckX OK   ,
11111111111111111111000100010111,00000000000000000000000000000001,00000000000000000000100000000000,00000000000000000000000000000001,0,0,0000,0,0,0,0,01,00100,01,111,0000,011,1,01,1,0,00,00000000000000000000000000000000,00000000000000000000000000000000,00,0,0000,0000,1,00000,00000,00010,1,01,0000,ImmSext OK   ,Format ERROR,AluOperation ERROR,AluSource OK   ,CsrOperation ERROR,MdrOperation OK   ,WbDataSrc ERROR,GprWrEna OK   ,PcMode OK   ,ClkConfig OK   ,ExcPcWrEna ERROR,ExcCsrWrEna ERROR,ExcCsrData OK   ,ExcCsrAddress OK   ,CycleMepc ERROR,ExcMemRd ERROR,ExcAluOp OK   ,BranchType OK   ,BpuMode OK   ,GprRsX1 ERROR,GprRsX2 ERROR,GprRdX ERROR,DfuMode OK   ,PipelineMode ERROR,AckX OK   ,
11001011001100000000000110010011,00000000000000000000000000000001,00000000000000000000100000000000,00000000000000000000000000000001,0,0,0001,0,0,0,1,10,00100,10,111,0000,011,1,01,1,0,00,00000000000000000000000000000000,00000000000000000000000000000000,00,0,0000,0000,1,00000,00000,00011,1,01,0000,ImmSext ERROR,Format ERROR,AluOperation ERROR,AluSource ERROR,CsrOperation ERROR,MdrOperation OK   ,WbDataSrc ERROR,GprWrEna OK   ,PcMode OK   ,ClkConfig OK   ,ExcPcWrEna ERROR,ExcCsrWrEna ERROR,ExcCsrData OK   ,ExcCsrAddress OK   ,CycleMepc ERROR,ExcMemRd ERROR,ExcAluOp OK   ,BranchType OK   ,BpuMode OK   ,GprRsX1 ERROR,GprRsX2 ERROR,GprRdX ERROR,DfuMode OK   ,PipelineMode ERROR,AckX OK   ,
11100100101100000010001000010011,00000000000000000000000000000001,00000000000000000000100000000000,00000000000000000000000000000001,0,0,0000,0,0,0,1,10,00111,10,111,0000,101,1,00,1,0,00,00000000000000000000000000000000,00000000000000000000000000000000,00,0,0000,0000,1,00000,00000,00100,1,01,0000,ImmSext ERROR,Format ERROR,AluOperation ERROR,AluSource ERROR,CsrOperation ERROR,MdrOperation OK   ,WbDataSrc ERROR,GprWrEna OK   ,PcMode ERROR,ClkConfig OK   ,ExcPcWrEna ERROR,ExcCsrWrEna ERROR,ExcCsrData OK   ,ExcCsrAddress OK   ,CycleMepc ERROR,ExcMemRd ERROR,ExcAluOp OK   ,BranchType OK   ,BpuMode OK   ,GprRsX1 ERROR,GprRsX2 ERROR,GprRdX ERROR,DfuMode OK   ,PipelineMode ERROR,AckX OK   ,
01011111110000000011001010010011,00000000000000000000000000000001,00000000000000000000100000000000,00000000000000000000000000000001,0,0,0000,0,0,0,0,10,00110,10,111,0000,101,1,00,1,0,00,00000000000000000000000000000000,00000000000000000000000000000000,00,0,0000,0000,1,00000,00000,00101,1,01,0000,ImmSext OK   ,Format ERROR,AluOperation ERROR,AluSource ERROR,CsrOperation ERROR,MdrOperation OK   ,WbDataSrc ERROR,GprWrEna OK   ,PcMode ERROR,ClkConfig OK   ,ExcPcWrEna ERROR,ExcCsrWrEna ERROR,ExcCsrData OK   ,ExcCsrAddress OK   ,CycleMepc ERROR,ExcMemRd ERROR,ExcAluOp OK   ,BranchType OK   ,BpuMode OK   ,GprRsX1 ERROR,GprRsX2 ERROR,GprRdX ERROR,DfuMode OK   ,PipelineMode ERROR,AckX OK   ,
00110101001100000100001100010011,00000000000000000000000000000001,00000000000000000000100000000000,00000000000000000000000000000001,0,0,0000,0,0,0,1,10,00010,10,111,0000,011,1,00,1,0,00,00000000000000000000000000000000,00000000000000000000000000000000,00,0,0000,0000,1,00000,00000,00110,1,01,0000,ImmSext ERROR,Format ERROR,AluOperation ERROR,AluSource ERROR,CsrOperation ERROR,MdrOperation OK   ,WbDataSrc ERROR,GprWrEna OK   ,PcMode ERROR,ClkConfig OK   ,ExcPcWrEna ERROR,ExcCsrWrEna ERROR,ExcCsrData OK   ,ExcCsrAddress OK   ,CycleMepc ERROR,ExcMemRd ERROR,ExcAluOp OK   ,BranchType OK   ,BpuMode OK   ,GprRsX1 ERROR,GprRsX2 ERROR,GprRdX ERROR,DfuMode OK   ,PipelineMode ERROR,AckX OK   ,
10001010001000000110001110010011,00000000000000000000000000000001,00000000000000000000100000000000,00000000000000000000000000000001,0,0,0010,0,0,0,1,10,00001,10,111,0000,011,1,00,1,0,00,00000000000000000000000000000000,00000000000000000000000000000000,00,0,0000,0000,1,00000,00000,00111,1,01,0000,ImmSext ERROR,Format ERROR,AluOperation OK   ,AluSource ERROR,CsrOperation ERROR,MdrOperation OK   ,WbDataSrc ERROR,GprWrEna OK   ,PcMode ERROR,ClkConfig OK   ,ExcPcWrEna ERROR,ExcCsrWrEna ERROR,ExcCsrData OK   ,ExcCsrAddress OK   ,CycleMepc ERROR,ExcMemRd ERROR,ExcAluOp OK   ,BranchType OK   ,BpuMode OK   ,GprRsX1 ERROR,GprRsX2 ERROR,GprRdX ERROR,DfuMode OK   ,PipelineMode ERROR,AckX OK   ,
01010111101100000111010000010011,00000000000000000000000000000001,00000000000000000000100000000000,00000000000000000000000000000001,0,0,0000,0,0,0,1,10,00000,10,111,0000,011,1,00,1,0,00,00000000000000000000000000000000,00000000000000000000000000000000,00,0,0000,0000,1,00000,00000,01000,1,01,0000,ImmSext ERROR,Format ERROR,AluOperation ERROR,AluSource ERROR,CsrOperation ERROR,MdrOperation OK   ,WbDataSrc ERROR,GprWrEna OK   ,PcMode ERROR,ClkConfig OK   ,ExcPcWrEna ERROR,ExcCsrWrEna ERROR,ExcCsrData OK   ,ExcCsrAddress OK   ,CycleMepc ERROR,ExcMemRd ERROR,ExcAluOp OK   ,BranchType OK   ,BpuMode OK   ,GprRsX1 ERROR,GprRsX2 ERROR,GprRdX ERROR,DfuMode OK   ,PipelineMode ERROR,AckX OK   ,
00000001111100001001010010010011,00000000000000000000000000000001,00000000000000000000100000000000,00000000000000000000000000000001,0,0,0000,0,0,0,0,00,10010,11,111,0000,011,1,00,1,0,00,00000000000000000000000000000000,00000000000000000000000000000000,00,0,0000,0000,1,00001,00000,01001,1,01,0000,ImmSext OK   ,Format OK   ,AluOperation ERROR,AluSource ERROR,CsrOperation ERROR,MdrOperation OK   ,WbDataSrc ERROR,GprWrEna OK   ,PcMode ERROR,ClkConfig OK   ,ExcPcWrEna ERROR,ExcCsrWrEna ERROR,ExcCsrData OK   ,ExcCsrAddress OK   ,CycleMepc ERROR,ExcMemRd ERROR,ExcAluOp OK   ,BranchType OK   ,BpuMode OK   ,GprRsX1 OK   ,GprRsX2 ERROR,GprRdX ERROR,DfuMode OK   ,PipelineMode ERROR,AckX OK   ,
00000000111100001101010100010011,00000000000000000000000000000001,00000000000000000000100000000000,00000000000000000000000000000001,0,0,0000,0,0,0,0,00,10000,11,111,0000,011,1,00,1,0,11,00000000000000000000000000000000,00000000000000000000001101000010,01,0,0001,0000,1,00001,00000,01010,1,01,0000,ImmSext OK   ,Format OK   ,AluOperation ERROR,AluSource ERROR,CsrOperation ERROR,MdrOperation OK   ,WbDataSrc ERROR,GprWrEna OK   ,PcMode ERROR,ClkConfig OK   ,ExcPcWrEna ERROR,ExcCsrWrEna ERROR,ExcCsrData OK   ,ExcCsrAddress ERROR,CycleMepc OK   ,ExcMemRd ERROR,ExcAluOp ERROR,BranchType OK   ,BpuMode OK   ,GprRsX1 OK   ,GprRsX2 ERROR,GprRdX ERROR,DfuMode OK   ,PipelineMode ERROR,AckX OK   ,
01000000010100001101010110010011,00000000000000000000000000000001,00000000000000000000100000000000,00000000000000000000000000000001,0,0,0100,0,0,0,0,00,10001,11,111,0000,011,1,00,1,0,00,00000000000000000000000000000000,00000000000000000000000000000000,00,1,0001,0000,1,00001,00000,01011,1,01,0000,ImmSext OK   ,Format OK   ,AluOperation ERROR,AluSource ERROR,CsrOperation ERROR,MdrOperation OK   ,WbDataSrc ERROR,GprWrEna OK   ,PcMode ERROR,ClkConfig OK   ,ExcPcWrEna ERROR,ExcCsrWrEna ERROR,ExcCsrData OK   ,ExcCsrAddress OK   ,CycleMepc ERROR,ExcMemRd OK   ,ExcAluOp ERROR,BranchType OK   ,BpuMode OK   ,GprRsX1 OK   ,GprRsX2 ERROR,GprRdX ERROR,DfuMode OK   ,PipelineMode ERROR,AckX OK   ,
00000000000100010000011000110011,00000000000000000000000000000001,00000000000000000000100000000000,00000000000000000000000000000001,0,0,0000,0,0,0,0,00,00100,11,111,0000,011,1,10,1,1,01,00000000000000000000000000000011,00000000000000000001000000000001,00,0,0000,0000,1,00010,00001,01100,1,01,0000,ImmSext OK   ,Format OK   ,AluOperation ERROR,AluSource ERROR,CsrOperation ERROR,MdrOperation OK   ,WbDataSrc ERROR,GprWrEna OK   ,PcMode ERROR,ClkConfig OK   ,ExcPcWrEna OK   ,ExcCsrWrEna OK   ,ExcCsrData ERROR,ExcCsrAddress ERROR,CycleMepc ERROR,ExcMemRd ERROR,ExcAluOp OK   ,BranchType OK   ,BpuMode OK   ,GprRsX1 ERROR,GprRsX2 OK   ,GprRdX ERROR,DfuMode OK   ,PipelineMode ERROR,AckX OK   ,
01000000001000010000011010110011,00000000000000000000000000000001,00000000000000000000100000000000,00000000000000000000000000000001,0,0,0000,0,0,0,0,00,00110,11,111,0000,011,1,01,1,0,00,00000000000000000000000000000000,00000000000000000000000000000000,00,0,0000,0000,1,00010,00010,01101,1,01,0000,ImmSext OK   ,Format OK   ,AluOperation ERROR,AluSource ERROR,CsrOperation ERROR,MdrOperation OK   ,WbDataSrc ERROR,GprWrEna OK   ,PcMode OK   ,ClkConfig OK   ,ExcPcWrEna ERROR,ExcCsrWrEna ERROR,ExcCsrData OK   ,ExcCsrAddress OK   ,CycleMepc ERROR,ExcMemRd ERROR,ExcAluOp OK   ,BranchType OK   ,BpuMode OK   ,GprRsX1 ERROR,GprRsX2 ERROR,GprRdX ERROR,DfuMode OK   ,PipelineMode ERROR,AckX OK   ,
00000000001000011001011100110011,00000000000000000000000000000001,00000000000000000000100000000000,00000000000000000000000000000001,0,0,0000,0,0,0,0,00,10010,11,111,0000,011,1,01,1,0,00,00000000000000000000000000000000,00000000000000000000000000000000,00,0,0000,0000,1,00011,00010,01110,1,01,0000,ImmSext OK   ,Format OK   ,AluOperation ERROR,AluSource ERROR,CsrOperation ERROR,MdrOperation OK   ,WbDataSrc ERROR,GprWrEna OK   ,PcMode OK   ,ClkConfig OK   ,ExcPcWrEna ERROR,ExcCsrWrEna ERROR,ExcCsrData OK   ,ExcCsrAddress OK   ,CycleMepc ERROR,ExcMemRd ERROR,ExcAluOp OK   ,BranchType OK   ,BpuMode OK   ,GprRsX1 ERROR,GprRsX2 ERROR,GprRdX ERROR,DfuMode OK   ,PipelineMode ERROR,AckX OK   ,
00000000001100011010011110110011,00000000000000000000000000000001,00000000000000000000100000000000,00000000000000000000000000000001,0,0,1000,0,0,0,0,00,00111,11,111,0000,101,1,01,1,0,00,00000000000000000000000000000000,00000000000000000000000000000000,00,0,0000,0000,1,00011,00011,01111,1,01,0000,ImmSext OK   ,Format OK   ,AluOperation ERROR,AluSource ERROR,CsrOperation ERROR,MdrOperation OK   ,WbDataSrc ERROR,GprWrEna OK   ,PcMode OK   ,ClkConfig OK   ,ExcPcWrEna ERROR,ExcCsrWrEna ERROR,ExcCsrData OK   ,ExcCsrAddress OK   ,CycleMepc ERROR,ExcMemRd ERROR,ExcAluOp OK   ,BranchType OK   ,BpuMode OK   ,GprRsX1 ERROR,GprRsX2 ERROR,GprRdX ERROR,DfuMode OK   ,PipelineMode ERROR,AckX OK   ,
00000000001100100011100000110011,00000000000000000000000000000001,00000000000000000000100000000000,00000000000000000000000000000001,0,0,0000,0,0,0,0,00,00110,11,111,0000,101,1,00,1,0,00,00000000000000000000000000000000,00000000000000000000000000000000,00,0,0000,0000,1,00100,00011,10000,1,01,0000,ImmSext OK   ,Format OK   ,AluOperation ERROR,AluSource ERROR,CsrOperation ERROR,MdrOperation OK   ,WbDataSrc ERROR,GprWrEna OK   ,PcMode ERROR,ClkConfig OK   ,ExcPcWrEna ERROR,ExcCsrWrEna ERROR,ExcCsrData OK   ,ExcCsrAddress OK   ,CycleMepc ERROR,ExcMemRd ERROR,ExcAluOp OK   ,BranchType OK   ,BpuMode OK   ,GprRsX1 ERROR,GprRsX2 ERROR,GprRdX ERROR,DfuMode OK   ,PipelineMode ERROR,AckX OK   ,
00000000010000100100100010110011,00000000000000000000000000000001,00000000000000000000100000000000,00000000000000000000000000000001,0,0,0000,0,0,0,0,00,00010,11,111,0000,011,1,00,1,0,00,00000000000000000000000000000000,00000000000000000000000000000000,00,0,0000,0000,1,00100,00100,10001,1,01,0000,ImmSext OK   ,Format OK   ,AluOperation ERROR,AluSource ERROR,CsrOperation ERROR,MdrOperation OK   ,WbDataSrc ERROR,GprWrEna OK   ,PcMode ERROR,ClkConfig OK   ,ExcPcWrEna ERROR,ExcCsrWrEna ERROR,ExcCsrData OK   ,ExcCsrAddress OK   ,CycleMepc ERROR,ExcMemRd ERROR,ExcAluOp OK   ,BranchType OK   ,BpuMode OK   ,GprRsX1 ERROR,GprRsX2 ERROR,GprRdX ERROR,DfuMode OK   ,PipelineMode ERROR,AckX OK   ,
00000000010000101101100100110011,00000000000000000000000000000001,00000000000000000000100000000000,00000000000000000000000000000001,0,0,0000,0,0,0,0,00,10000,11,111,0000,011,1,00,1,0,00,00000000000000000000000000000000,00000000000000000000000000000000,00,0,0000,0000,1,00101,00100,10010,1,01,0000,ImmSext OK   ,Format OK   ,AluOperation ERROR,AluSource ERROR,CsrOperation ERROR,MdrOperation OK   ,WbDataSrc ERROR,GprWrEna OK   ,PcMode ERROR,ClkConfig OK   ,ExcPcWrEna ERROR,ExcCsrWrEna ERROR,ExcCsrData OK   ,ExcCsrAddress OK   ,CycleMepc ERROR,ExcMemRd ERROR,ExcAluOp OK   ,BranchType OK   ,BpuMode OK   ,GprRsX1 ERROR,GprRsX2 ERROR,GprRdX ERROR,DfuMode OK   ,PipelineMode ERROR,AckX OK   ,
01000000010100101101100110110011,00000000000000000000000000000001,00000000000000000000100000000000,00000000000000000000000000000001,0,0,0000,0,0,0,0,00,10001,11,111,0000,011,1,00,1,0,00,00000000000000000000000000000000,00000000000000000000000000000000,00,0,0000,0000,1,00101,00101,10011,1,01,0000,ImmSext OK   ,Format OK   ,AluOperation ERROR,AluSource ERROR,CsrOperation ERROR,MdrOperation OK   ,WbDataSrc ERROR,GprWrEna OK   ,PcMode ERROR,ClkConfig OK   ,ExcPcWrEna ERROR,ExcCsrWrEna ERROR,ExcCsrData OK   ,ExcCsrAddress OK   ,CycleMepc ERROR,ExcMemRd ERROR,ExcAluOp OK   ,BranchType OK   ,BpuMode OK   ,GprRsX1 ERROR,GprRsX2 ERROR,GprRdX ERROR,DfuMode OK   ,PipelineMode ERROR,AckX OK   ,
00000000010100110110101000110011,00000000000000000000000000000001,00000000000000000000100000000000,00000000000000000000000000000001,0,0,0000,0,0,0,0,00,00001,11,111,0000,011,1,00,1,0,00,00000000000000000000000000000000,00000000000000000000000000000000,00,0,0000,0000,1,00110,00101,10100,1,01,0000,ImmSext OK   ,Format OK   ,AluOperation OK   ,AluSource ERROR,CsrOperation ERROR,MdrOperation OK   ,WbDataSrc ERROR,GprWrEna OK   ,PcMode ERROR,ClkConfig OK   ,ExcPcWrEna ERROR,ExcCsrWrEna ERROR,ExcCsrData OK   ,ExcCsrAddress OK   ,CycleMepc ERROR,ExcMemRd ERROR,ExcAluOp OK   ,BranchType OK   ,BpuMode OK   ,GprRsX1 ERROR,GprRsX2 ERROR,GprRdX ERROR,DfuMode OK   ,PipelineMode ERROR,AckX OK   ,
00000000011000110111101010110011,00000000000000000000000000000001,00000000000000000000100000000000,00000000000000000000000000000001,0,0,0000,0,0,0,0,00,00000,11,111,0000,011,1,00,1,0,00,00000000000000000000000000000000,00000000000000000000000000000000,00,0,0000,0000,1,00110,00110,10101,1,01,0000,ImmSext OK   ,Format OK   ,AluOperation ERROR,AluSource ERROR,CsrOperation ERROR,MdrOperation OK   ,WbDataSrc ERROR,GprWrEna OK   ,PcMode ERROR,ClkConfig OK   ,ExcPcWrEna ERROR,ExcCsrWrEna ERROR,ExcCsrData OK   ,ExcCsrAddress OK   ,CycleMepc ERROR,ExcMemRd ERROR,ExcAluOp OK   ,BranchType OK   ,BpuMode OK   ,GprRsX1 ERROR,GprRsX2 ERROR,GprRdX ERROR,DfuMode OK   ,PipelineMode ERROR,AckX OK   ,
00101011000100011001101101110011,00000000000000000000000000000001,00000000000000000000100000000000,00000000000000000000000000000001,0,0,0000,0,0,0,0,10,11111,00,000,0000,000,1,00,1,0,11,00000000000000000000000000000000,00000000000000000000001101000010,01,0,0001,0000,1,00011,00000,10110,1,01,0000,ImmSext OK   ,Format ERROR,AluOperation ERROR,AluSource ERROR,CsrOperation ERROR,MdrOperation OK   ,WbDataSrc ERROR,GprWrEna OK   ,PcMode ERROR,ClkConfig OK   ,ExcPcWrEna ERROR,ExcCsrWrEna ERROR,ExcCsrData OK   ,ExcCsrAddress ERROR,CycleMepc OK   ,ExcMemRd ERROR,ExcAluOp ERROR,BranchType OK   ,BpuMode OK   ,GprRsX1 ERROR,GprRsX2 ERROR,GprRdX ERROR,DfuMode OK   ,PipelineMode ERROR,AckX OK   ,
00001001100100011010101111110011,00000000000000000000000000000001,00000000000000000000100000000000,00000000000000000000000000000001,0,0,0000,0,0,0,0,10,11111,00,001,0000,000,1,00,1,0,00,00000000000000000000000000000000,00000000000000000000000000000000,00,1,0001,0000,1,00011,00000,10111,1,01,0000,ImmSext OK   ,Format ERROR,AluOperation ERROR,AluSource ERROR,CsrOperation OK   ,MdrOperation OK   ,WbDataSrc ERROR,GprWrEna OK   ,PcMode ERROR,ClkConfig OK   ,ExcPcWrEna ERROR,ExcCsrWrEna ERROR,ExcCsrData OK   ,ExcCsrAddress OK   ,CycleMepc ERROR,ExcMemRd OK   ,ExcAluOp ERROR,BranchType OK   ,BpuMode OK   ,GprRsX1 ERROR,GprRsX2 ERROR,GprRdX ERROR,DfuMode OK   ,PipelineMode ERROR,AckX OK   ,
00101110110000011011110001110011,00000000000000000000000000000001,00000000000000000000100000000000,00000000000000000000000000000001,0,0,0000,0,0,0,0,10,11111,00,010,0000,000,1,10,1,1,01,00000000000000000000000000000011,00000000000000000001000000000001,00,0,0000,0000,1,00011,00000,11000,1,01,0000,ImmSext OK   ,Format ERROR,AluOperation ERROR,AluSource ERROR,CsrOperation ERROR,MdrOperation OK   ,WbDataSrc ERROR,GprWrEna OK   ,PcMode ERROR,ClkConfig OK   ,ExcPcWrEna OK   ,ExcCsrWrEna OK   ,ExcCsrData ERROR,ExcCsrAddress ERROR,CycleMepc ERROR,ExcMemRd ERROR,ExcAluOp OK   ,BranchType OK   ,BpuMode OK   ,GprRsX1 ERROR,GprRsX2 ERROR,GprRdX ERROR,DfuMode OK   ,PipelineMode ERROR,AckX OK   ,
00110101101110101101110011110011,00000000000000000000000000000001,00000000000000000000100000000000,00000000000000000000000000000001,0,0,0000,1,0,0,0,10,11111,00,011,0000,000,1,01,1,0,00,00000000000000000000000000000000,00000000000000000000000000000000,00,0,0000,0000,1,00000,00000,11001,1,01,0000,ImmSext OK   ,Format ERROR,AluOperation ERROR,AluSource ERROR,CsrOperation ERROR,MdrOperation OK   ,WbDataSrc ERROR,GprWrEna OK   ,PcMode OK   ,ClkConfig OK   ,ExcPcWrEna ERROR,ExcCsrWrEna ERROR,ExcCsrData OK   ,ExcCsrAddress OK   ,CycleMepc ERROR,ExcMemRd ERROR,ExcAluOp OK   ,BranchType OK   ,BpuMode OK   ,GprRsX1 ERROR,GprRsX2 ERROR,GprRdX ERROR,DfuMode OK   ,PipelineMode ERROR,AckX OK   ,
00111100100001110110110101110011,00000000000000000000000000000001,00000000000000000000100000000000,00000000000000000000000000000001,0,0,0000,1,0,0,0,10,11111,00,100,0000,000,1,01,1,0,00,00000000000000000000000000000000,00000000000000000000000000000000,00,0,0000,0000,1,00000,00000,11010,1,01,0000,ImmSext OK   ,Format ERROR,AluOperation ERROR,AluSource ERROR,CsrOperation ERROR,MdrOperation OK   ,WbDataSrc ERROR,GprWrEna OK   ,PcMode OK   ,ClkConfig OK   ,ExcPcWrEna ERROR,ExcCsrWrEna ERROR,ExcCsrData OK   ,ExcCsrAddress OK   ,CycleMepc ERROR,ExcMemRd ERROR,ExcAluOp OK   ,BranchType OK   ,BpuMode OK   ,GprRsX1 ERROR,GprRsX2 ERROR,GprRdX ERROR,DfuMode OK   ,PipelineMode ERROR,AckX OK   ,
00000000000000000000000010110111,00000000000000000000000000000001,00000000000000000000100000000000,00000000000000000000000000000001,0,0,0000,0,0,0,0,01,11111,00,111,0000,010,1,01,1,0,00,00000000000000000000000000000000,00000000000000000000000000000000,00,0,0000,0000,1,00000,00000,00001,1,01,0000,ImmSext OK   ,Format ERROR,AluOperation ERROR,AluSource ERROR,CsrOperation ERROR,MdrOperation OK   ,WbDataSrc ERROR,GprWrEna OK   ,PcMode OK   ,ClkConfig OK   ,ExcPcWrEna ERROR,ExcCsrWrEna ERROR,ExcCsrData OK   ,ExcCsrAddress OK   ,CycleMepc ERROR,ExcMemRd ERROR,ExcAluOp OK   ,BranchType OK   ,BpuMode OK   ,GprRsX1 ERROR,GprRsX2 ERROR,GprRdX OK   ,DfuMode OK   ,PipelineMode ERROR,AckX OK   ,
00000000000100001000000010010011,00000000000000000000000000000001,00000000000000000000100000000000,00000000000000000000000000000001,0,0,0000,0,0,0,1,10,00100,10,111,0000,011,1,01,1,0,00,00000000000000000000000000000000,00000000000000000000000000000000,00,0,0000,0000,1,00001,00000,00001,1,01,0000,ImmSext ERROR,Format ERROR,AluOperation ERROR,AluSource ERROR,CsrOperation ERROR,MdrOperation OK   ,WbDataSrc ERROR,GprWrEna OK   ,PcMode OK   ,ClkConfig OK   ,ExcPcWrEna ERROR,ExcCsrWrEna ERROR,ExcCsrData OK   ,ExcCsrAddress OK   ,CycleMepc ERROR,ExcMemRd ERROR,ExcAluOp OK   ,BranchType OK   ,BpuMode OK   ,GprRsX1 OK   ,GprRsX2 ERROR,GprRdX OK   ,DfuMode OK   ,PipelineMode ERROR,AckX OK   ,
11111111101000001001000001110011,00000000000000000000000000000001,00000000000000000000100000000000,00000000000000000000000000000001,0,0,0000,0,0,0,0,10,11111,00,000,0000,000,1,01,1,0,00,00000000000000000000000000000000,00000000000000000000000000000000,00,0,0000,0000,1,00001,00000,00000,1,01,0000,ImmSext OK   ,Format ERROR,AluOperation ERROR,AluSource ERROR,CsrOperation ERROR,MdrOperation OK   ,WbDataSrc ERROR,GprWrEna OK   ,PcMode OK   ,ClkConfig OK   ,ExcPcWrEna ERROR,ExcCsrWrEna ERROR,ExcCsrData OK   ,ExcCsrAddress OK   ,CycleMepc ERROR,ExcMemRd ERROR,ExcAluOp OK   ,BranchType OK   ,BpuMode OK   ,GprRsX1 OK   ,GprRsX2 ERROR,GprRdX ERROR,DfuMode OK   ,PipelineMode ERROR,AckX OK   ,
11111111101000001001000001110011,10000000000000000000000000000001,00000000000000000000100000000000,00000000000000000000000000000001,0,0,0000,0,0,0,0,10,11111,00,000,0000,000,1,01,1,0,00,00000000000000000000000000000000,00000000000000000000000000000000,00,0,0000,0000,1,00001,00000,00000,1,01,0000,ImmSext OK   ,Format ERROR,AluOperation ERROR,AluSource ERROR,CsrOperation ERROR,MdrOperation OK   ,WbDataSrc ERROR,GprWrEna OK   ,PcMode OK   ,ClkConfig OK   ,ExcPcWrEna ERROR,ExcCsrWrEna ERROR,ExcCsrData OK   ,ExcCsrAddress OK   ,CycleMepc ERROR,ExcMemRd ERROR,ExcAluOp OK   ,BranchType OK   ,BpuMode OK   ,GprRsX1 OK   ,GprRsX2 ERROR,GprRdX ERROR,DfuMode OK   ,PipelineMode ERROR,AckX OK   ,
11111111101000001001000001110011,00000000000000000000000000000000,00000000000000000000100000000000,00000000000000000000000000000001,0,0,0000,0,0,0,0,10,11111,00,000,0000,000,1,00,1,0,01,00000000000000000000000000000000,00000000000000000001000000000000,00,0,0000,0000,1,00001,00000,00000,1,01,0000,ImmSext OK   ,Format ERROR,AluOperation ERROR,AluSource ERROR,CsrOperation ERROR,MdrOperation OK   ,WbDataSrc ERROR,GprWrEna OK   ,PcMode ERROR,ClkConfig OK   ,ExcPcWrEna ERROR,ExcCsrWrEna OK   ,ExcCsrData OK   ,ExcCsrAddress ERROR,CycleMepc ERROR,ExcMemRd ERROR,ExcAluOp OK   ,BranchType OK   ,BpuMode OK   ,GprRsX1 OK   ,GprRsX2 ERROR,GprRdX ERROR,DfuMode OK   ,PipelineMode ERROR,AckX OK   ,
11111111101000001001000001110011,00000000000000000000000000000000,00000000000000000000100000000000,00000000000000000000000000000001,0,0,0000,0,0,0,0,10,11111,00,000,0000,000,1,00,1,0,00,00000000000000000000000000000000,00000000000000000000000000000000,00,0,0000,0000,1,00001,00000,00000,1,01,0000,ImmSext OK   ,Format ERROR,AluOperation ERROR,AluSource ERROR,CsrOperation ERROR,MdrOperation OK   ,WbDataSrc ERROR,GprWrEna OK   ,PcMode ERROR,ClkConfig OK   ,ExcPcWrEna ERROR,ExcCsrWrEna ERROR,ExcCsrData OK   ,ExcCsrAddress OK   ,CycleMepc ERROR,ExcMemRd ERROR,ExcAluOp OK   ,BranchType OK   ,BpuMode OK   ,GprRsX1 OK   ,GprRsX2 ERROR,GprRdX ERROR,DfuMode OK   ,PipelineMode ERROR,AckX OK   ,
11111111101000001001000001110011,00000000000000000000000000000000,00000000000000000000100000000000,00000000000000000000000000000001,0,0,0000,0,0,0,0,10,11111,00,000,0000,000,1,00,1,0,00,00000000000000000000000000000000,00000000000000000000000000000000,00,0,0000,0000,1,00001,00000,00000,1,01,0000,ImmSext OK   ,Format ERROR,AluOperation ERROR,AluSource ERROR,CsrOperation ERROR,MdrOperation OK   ,WbDataSrc ERROR,GprWrEna OK   ,PcMode ERROR,ClkConfig OK   ,ExcPcWrEna ERROR,ExcCsrWrEna ERROR,ExcCsrData OK   ,ExcCsrAddress OK   ,CycleMepc ERROR,ExcMemRd ERROR,ExcAluOp OK   ,BranchType OK   ,BpuMode OK   ,GprRsX1 OK   ,GprRsX2 ERROR,GprRdX ERROR,DfuMode OK   ,PipelineMode ERROR,AckX OK   ,
11111111101000001001000001110011,00000000000000000000000000000000,00000000000000000000100000000000,00000000000000000000000000000001,0,0,0000,0,0,0,0,10,11111,00,000,0000,000,1,00,1,0,00,00000000000000000000000000000000,00000000000000000000000000000000,00,0,0000,0000,1,00001,00000,00000,1,01,0000,ImmSext OK   ,Format ERROR,AluOperation ERROR,AluSource ERROR,CsrOperation ERROR,MdrOperation OK   ,WbDataSrc ERROR,GprWrEna OK   ,PcMode ERROR,ClkConfig OK   ,ExcPcWrEna ERROR,ExcCsrWrEna ERROR,ExcCsrData OK   ,ExcCsrAddress OK   ,CycleMepc ERROR,ExcMemRd ERROR,ExcAluOp OK   ,BranchType OK   ,BpuMode OK   ,GprRsX1 OK   ,GprRsX2 ERROR,GprRdX ERROR,DfuMode OK   ,PipelineMode ERROR,AckX OK   ,
11111111101000001001000001110011,00000000000000000000000000000000,00000000000000000000100000000000,00000000000000000000000000000001,0,0,0000,0,0,0,0,10,11111,00,000,0000,000,1,00,1,0,00,00000000000000000000000000000000,00000000000000000000000000000000,00,0,0000,0000,1,00001,00000,00000,1,01,0000,ImmSext OK   ,Format ERROR,AluOperation ERROR,AluSource ERROR,CsrOperation ERROR,MdrOperation OK   ,WbDataSrc ERROR,GprWrEna OK   ,PcMode ERROR,ClkConfig OK   ,ExcPcWrEna ERROR,ExcCsrWrEna ERROR,ExcCsrData OK   ,ExcCsrAddress OK   ,CycleMepc ERROR,ExcMemRd ERROR,ExcAluOp OK   ,BranchType OK   ,BpuMode OK   ,GprRsX1 OK   ,GprRsX2 ERROR,GprRdX ERROR,DfuMode OK   ,PipelineMode ERROR,AckX OK   ,
11111111101000001001000001110011,00000000000000000000000000000000,00000000000000000000100000000000,00000000000000000000000000000001,0,0,0000,0,0,0,0,10,11111,00,000,0000,000,1,00,1,0,00,00000000000000000000000000000000,00000000000000000000000000000000,00,0,0000,0000,1,00001,00000,00000,1,01,0000,ImmSext OK   ,Format ERROR,AluOperation ERROR,AluSource ERROR,CsrOperation ERROR,MdrOperation OK   ,WbDataSrc ERROR,GprWrEna OK   ,PcMode ERROR,ClkConfig OK   ,ExcPcWrEna ERROR,ExcCsrWrEna ERROR,ExcCsrData OK   ,ExcCsrAddress OK   ,CycleMepc ERROR,ExcMemRd ERROR,ExcAluOp OK   ,BranchType OK   ,BpuMode OK   ,GprRsX1 OK   ,GprRsX2 ERROR,GprRdX ERROR,DfuMode OK   ,PipelineMode ERROR,AckX OK   ,
11111111101000001001000001110011,00000000000000000000000000000000,00000000000000000000100000000000,00000000000000000000000000000001,0,0,0000,0,0,0,0,10,11111,00,000,0000,000,1,00,1,0,00,00000000000000000000000000000000,00000000000000000000000000000000,00,0,0000,0000,1,00001,00000,00000,1,01,0000,ImmSext OK   ,Format ERROR,AluOperation ERROR,AluSource ERROR,CsrOperation ERROR,MdrOperation OK   ,WbDataSrc ERROR,GprWrEna OK   ,PcMode ERROR,ClkConfig OK   ,ExcPcWrEna ERROR,ExcCsrWrEna ERROR,ExcCsrData OK   ,ExcCsrAddress OK   ,CycleMepc ERROR,ExcMemRd ERROR,ExcAluOp OK   ,BranchType OK   ,BpuMode OK   ,GprRsX1 OK   ,GprRsX2 ERROR,GprRdX ERROR,DfuMode OK   ,PipelineMode ERROR,AckX OK   ,
11111111101000001001000001110011,00000000000000000000000000000000,00000000000000000000100000000000,00000000000000000000000000000001,0,0,0000,0,0,0,0,10,11111,00,000,0000,000,1,00,1,0,01,00000000000000000000000000000000,00000000000000000000000000000000,00,0,0000,0000,1,00001,00000,00000,1,01,0000,ImmSext OK   ,Format ERROR,AluOperation ERROR,AluSource ERROR,CsrOperation ERROR,MdrOperation OK   ,WbDataSrc ERROR,GprWrEna OK   ,PcMode ERROR,ClkConfig OK   ,ExcPcWrEna ERROR,ExcCsrWrEna OK   ,ExcCsrData OK   ,ExcCsrAddress OK   ,CycleMepc ERROR,ExcMemRd ERROR,ExcAluOp OK   ,BranchType OK   ,BpuMode OK   ,GprRsX1 OK   ,GprRsX2 ERROR,GprRdX ERROR,DfuMode OK   ,PipelineMode ERROR,AckX OK   ,
11111111101000001001000001110011,00000000000000000000000000000000,00000000000000000000100000000000,00000000000000000000000000000001,0,0,0000,0,0,0,0,10,11111,00,000,0000,000,1,00,0,0,00,00000000000000000000000000000000,00000000000000000000000000000000,00,0,0000,0000,0,00001,00000,00000,0,00,0000,ImmSext OK   ,Format ERROR,AluOperation ERROR,AluSource ERROR,CsrOperation ERROR,MdrOperation OK   ,WbDataSrc ERROR,GprWrEna OK   ,PcMode ERROR,ClkConfig ERROR,ExcPcWrEna ERROR,ExcCsrWrEna ERROR,ExcCsrData OK   ,ExcCsrAddress OK   ,CycleMepc ERROR,ExcMemRd ERROR,ExcAluOp OK   ,BranchType OK   ,BpuMode ERROR,GprRsX1 OK   ,GprRsX2 ERROR,GprRdX ERROR,DfuMode ERROR,PipelineMode OK   ,AckX OK   ,
11111111101000001001000001110011,00000000000000000000000000000000,00000000000000000000100000000000,00000000000000000000000000000001,0,0,0000,0,0,0,0,10,11111,00,000,0000,000,1,01,0,0,00,00000000000000000000000000000000,00000000000000000000000000000000,00,0,0000,0000,0,00001,00000,00000,0,00,0000,ImmSext OK   ,Format ERROR,AluOperation ERROR,AluSource ERROR,CsrOperation ERROR,MdrOperation OK   ,WbDataSrc ERROR,GprWrEna OK   ,PcMode OK   ,ClkConfig ERROR,ExcPcWrEna ERROR,ExcCsrWrEna ERROR,ExcCsrData OK   ,ExcCsrAddress OK   ,CycleMepc ERROR,ExcMemRd ERROR,ExcAluOp OK   ,BranchType OK   ,BpuMode ERROR,GprRsX1 OK   ,GprRsX2 ERROR,GprRdX ERROR,DfuMode ERROR,PipelineMode OK   ,AckX OK   ,
01000000001000010000011010110011,00000000000000000000000000000000,00000000000000000000100000000000,00000000000000000000000000000001,0,0,0000,0,0,0,0,00,00110,11,111,0000,011,1,01,0,0,00,00000000000000000000000000000000,00000000000000000000000000000000,00,0,0000,0000,0,00010,00010,01101,0,00,0000,ImmSext OK   ,Format OK   ,AluOperation ERROR,AluSource ERROR,CsrOperation ERROR,MdrOperation OK   ,WbDataSrc ERROR,GprWrEna OK   ,PcMode OK   ,ClkConfig ERROR,ExcPcWrEna ERROR,ExcCsrWrEna ERROR,ExcCsrData OK   ,ExcCsrAddress OK   ,CycleMepc ERROR,ExcMemRd ERROR,ExcAluOp OK   ,BranchType OK   ,BpuMode ERROR,GprRsX1 ERROR,GprRsX2 ERROR,GprRdX ERROR,DfuMode ERROR,PipelineMode OK   ,AckX OK   ,
00000000001000011001011100110011,00000000000000000000000000000000,00000000000000000000100000000000,00000000000000000000000000000001,0,0,0000,0,0,0,0,00,10010,11,111,0000,011,1,01,0,0,00,00000000000000000000000000000000,00000000000000000000000000000000,00,0,0000,0000,0,00011,00010,01110,0,00,0000,ImmSext OK   ,Format OK   ,AluOperation ERROR,AluSource ERROR,CsrOperation ERROR,MdrOperation OK   ,WbDataSrc ERROR,GprWrEna OK   ,PcMode OK   ,ClkConfig ERROR,ExcPcWrEna ERROR,ExcCsrWrEna ERROR,ExcCsrData OK   ,ExcCsrAddress OK   ,CycleMepc ERROR,ExcMemRd ERROR,ExcAluOp OK   ,BranchType OK   ,BpuMode ERROR,GprRsX1 ERROR,GprRsX2 ERROR,GprRdX ERROR,DfuMode ERROR,PipelineMode OK   ,AckX OK   ,
00000000001100011010011110110011,00000000000000000000000000000000,00000000000000000000100000000000,00000000000000000000000000000001,0,0,0000,0,0,0,0,00,00111,11,111,0000,101,1,01,0,0,00,00000000000000000000000000000000,00000000000000000000000000000000,00,0,0000,0000,0,00011,00011,01111,0,00,0000,ImmSext OK   ,Format OK   ,AluOperation ERROR,AluSource ERROR,CsrOperation ERROR,MdrOperation OK   ,WbDataSrc ERROR,GprWrEna OK   ,PcMode OK   ,ClkConfig ERROR,ExcPcWrEna ERROR,ExcCsrWrEna ERROR,ExcCsrData OK   ,ExcCsrAddress OK   ,CycleMepc ERROR,ExcMemRd ERROR,ExcAluOp OK   ,BranchType OK   ,BpuMode ERROR,GprRsX1 ERROR,GprRsX2 ERROR,GprRdX ERROR,DfuMode ERROR,PipelineMode OK   ,AckX OK   ,
00000000001100100011100000110011,00000000000000000000000000000000,00000000000000000000100000000000,00000000000000000000000000000001,0,0,0000,0,0,0,0,00,00110,11,111,0000,101,1,01,0,0,00,00000000000000000000000000000000,00000000000000000000000000000000,00,0,0000,0000,0,00100,00011,10000,0,00,0000,ImmSext OK   ,Format OK   ,AluOperation ERROR,AluSource ERROR,CsrOperation ERROR,MdrOperation OK   ,WbDataSrc ERROR,GprWrEna OK   ,PcMode OK   ,ClkConfig ERROR,ExcPcWrEna ERROR,ExcCsrWrEna ERROR,ExcCsrData OK   ,ExcCsrAddress OK   ,CycleMepc ERROR,ExcMemRd ERROR,ExcAluOp OK   ,BranchType OK   ,BpuMode ERROR,GprRsX1 ERROR,GprRsX2 ERROR,GprRdX ERROR,DfuMode ERROR,PipelineMode OK   ,AckX OK   ,
00000000010000100100100010110011,00000000000000000000000000000000,00000000000000000000100000000000,00000000000000000000000000000001,0,0,0000,0,0,0,0,00,00010,11,111,0000,011,1,01,0,0,00,00000000000000000000000000000000,00000000000000000000000000000000,00,0,0000,0000,0,00100,00100,10001,0,00,0000,ImmSext OK   ,Format OK   ,AluOperation ERROR,AluSource ERROR,CsrOperation ERROR,MdrOperation OK   ,WbDataSrc ERROR,GprWrEna OK   ,PcMode OK   ,ClkConfig ERROR,ExcPcWrEna ERROR,ExcCsrWrEna ERROR,ExcCsrData OK   ,ExcCsrAddress OK   ,CycleMepc ERROR,ExcMemRd ERROR,ExcAluOp OK   ,BranchType OK   ,BpuMode ERROR,GprRsX1 ERROR,GprRsX2 ERROR,GprRdX ERROR,DfuMode ERROR,PipelineMode OK   ,AckX OK   ,
